
Running 690 tests using 2 workers

(node:85149) Warning: The 'NO_COLOR' env is ignored due to the 'FORCE_COLOR' env being set.
(Use `node --trace-warnings ...` to show where the warning was created)
(node:85148) Warning: The 'NO_COLOR' env is ignored due to the 'FORCE_COLOR' env being set.
(Use `node --trace-warnings ...` to show where the warning was created)
(node:85149) Warning: The 'NO_COLOR' env is ignored due to the 'FORCE_COLOR' env being set.
(Use `node --trace-warnings ...` to show where the warning was created)
(node:85148) Warning: The 'NO_COLOR' env is ignored due to the 'FORCE_COLOR' env being set.
(Use `node --trace-warnings ...` to show where the warning was created)
  ✓    1 [chromium] › tests/e2e/activity-notifications.spec.ts:119:7 › new activity notification clearing audit › scripted projects › admin toggles keep homepage and thread badges independent (4.7s)
  -    3 [chromium] › tests/e2e/activity-notifications.spec.ts:174:7 › new activity notification clearing audit › Firefox no-JS project › server-rendered read state clears without JavaScript
  ✓    2 [chromium] › tests/e2e/activity-notifications.spec.ts:33:7 › new activity notification clearing audit › scripted projects › homepage, board, catalog, and thread badges clear after viewed in Chromium and mobile WebKit (6.0s)
  ✓    4 [chromium] › tests/e2e/backup-restore.spec.ts:107:7 › live backup and restore coverage › manual directory full backups restore complete site state into a fresh restarted runtime (15.1s)
  ✓    5 [chromium] › tests/e2e/backup-restore.spec.ts:135:7 › live backup and restore coverage › manual split full backups cover every exposed split-size option and require complete parts for restore (18.2s)
  ✓    6 [chromium] › tests/e2e/backup-restore.spec.ts:188:7 › live backup and restore coverage › saved board backups restore one board without replacing the rest of the site (8.5s)
  ✓    8 [chromium] › tests/e2e/backup-restore.spec.ts:255:7 › live backup and restore coverage › Tor hidden service keys are included, excluded, and restored only when explicitly requested (13.7s)
  ✓    9 [chromium] › tests/e2e/backup-restore.spec.ts:322:7 › live backup and restore coverage › restore rejects invalid archives and leaves the live site usable (5.0s)
  ✓   10 [chromium] › tests/e2e/console-headless.spec.ts:19:7 › terminal console / browser boundary › fresh headless startup keeps web setup available without terminal prompts (2.0s)
  ✓   11 [chromium] › tests/e2e/console-headless.spec.ts:38:7 › terminal console / browser boundary › CLI-seeded administration survives headless restart with readable logs (5.0s)
preserving RustChan E2E fixture root: /var/folders/sl/yxxj_m9n37sgntkntqw0x8yw0000gn/T/rustchan-e2e-manual-9ReAwB
  ✓   12 [chromium] › tests/e2e/helpers-lifecycle.spec.ts:30:7 › RustChan fixture lifecycle › dispose removes temporary roots and supports explicit preservation (189ms)
  ✓   13 [chromium] › tests/e2e/helpers-lifecycle.spec.ts:50:7 › RustChan fixture lifecycle › dispose stops a started process before removing its root (2.3s)
  ✓   14 [chromium] › tests/e2e/setup-wizard.spec.ts:86:7 › first-run setup wizard › fresh setup persists PDF/media limits and enforces PDF limit (3.9s)
  ✓   15 [chromium] › tests/e2e/setup-wizard.spec.ts:125:7 › first-run setup wizard › initialized instance cannot access setup routes (3.4s)
  ✓   16 [chromium] › tests/e2e/setup-wizard.spec.ts:143:7 › first-run setup wizard › admin can reopen setup and close it without changing settings (4.6s)
  ✓   17 [chromium] › tests/e2e/setup-wizard.spec.ts:168:7 › first-run setup wizard › reopened setup cannot replace existing admin credentials (4.5s)
  -   18 [chromium] › tests/e2e/setup-wizard.spec.ts:191:7 › first-run setup wizard › no-JS setup flow still works
  ✓   19 [chromium] › tests/e2e/setup-wizard.spec.ts:199:7 › first-run setup wizard › mobile wizard review and finish layout remains usable (3.6s)
submission-idempotency-races=[{"repetition":1,"threadStatuses":[303,303,303,303,303,303,303,303],"threadLocation":"/pub/thread/1#p1","threadPosts":1,"threadMappings":1,"replyStatuses":[303,303,303,303,303,303,303,303],"replyLocation":"/pub/thread/1#p2","replyPosts":1,"replyMappings":1,"replyCounter":1},{"repetition":2,"threadStatuses":[303,303,303,303,303,303,303,303],"threadLocation":"/pub/thread/1#p1","threadPosts":1,"threadMappings":1,"replyStatuses":[303,303,303,303,303,303,303,303],"replyLocation":"/pub/thread/1#p2","replyPosts":1,"replyMappings":1,"replyCounter":1},{"repetition":3,"threadStatuses":[303,303,303,303,303,303,303,303],"threadLocation":"/pub/thread/1#p1","threadPosts":1,"threadMappings":1,"replyStatuses":[303,303,303,303,303,303,303,303],"replyLocation":"/pub/thread/1#p2","replyPosts":1,"replyMappings":1,"replyCounter":1}]
  ✓   20 [chromium] › tests/e2e/submission-idempotency.spec.ts:28:5 › public submission tokens stay atomic across concurrent thread and reply requests (11.9s)
  -   21 [chromium] › tests/e2e/tor-admin-onion-smoke.spec.ts:27:7 › Tor onion admin smoke (local opt-in) › admin login and same-origin checks work over plain onion HTTP
  -   22 [chromium] › tests/e2e/upload-regressions.spec.ts:95:3 › upload regressions (ignored by default) › posting UI accepts audio/MKV variants and keeps textarea resize disabled
  ✓    7 [chromium] › tests/e2e/backup-restore.spec.ts:224:7 › live backup and restore coverage › automated full backups write scheduled artifacts with the configured storage mode (1.1m)
(node:92582) Warning: The 'NO_COLOR' env is ignored due to the 'FORCE_COLOR' env being set.
(Use `node --trace-warnings ...` to show where the warning was created)
(node:92582) Warning: The 'NO_COLOR' env is ignored due to the 'FORCE_COLOR' env being set.
(Use `node --trace-warnings ...` to show where the warning was created)
  ✓   24 [chromium] › tests/e2e/admin-ban-delete.spec.ts:17:7 › admin ban+delete confirmation flow › styled modal handles cancel, validation, focus, and safe reply submission (2.0s)
  -   25 [chromium] › tests/e2e/admin-ban-delete.spec.ts:90:7 › admin ban+delete confirmation flow › no-JS fallback still submits the original form with default moderation fields
  ✓   26 [chromium] › tests/e2e/admin-dashboard.spec.ts:14:7 › admin dashboard control center › desktop dashboard prioritizes current issues and task-oriented workflows (4.6s)
  -   27 [chromium] › tests/e2e/admin-dashboard.spec.ts:83:7 › admin dashboard control center › mobile dashboard is visible, tappable, and contained at 390px and 320px
  -   28 [chromium] › tests/e2e/admin-dashboard.spec.ts:111:7 › admin dashboard control center › no-JS dashboard opens by default and its links reveal protected destinations
  ✓   29 [chromium] › tests/e2e/admin-dashboard.spec.ts:148:7 › admin dashboard control center › state pills retain readable text contrast across built-in themes (3.9s)
  ✓   30 [chromium] › tests/e2e/admin-dashboard.spec.ts:165:7 › admin dashboard control center › unauthenticated admin panel requests do not render the dashboard (190ms)
  ✓   31 [chromium] › tests/e2e/admin-polish.spec.ts:20:7 › admin panel and moderation UI polish › admin login, panel sections, settings forms, and moderation queues stay usable (6.4s)
  ✓   32 [chromium] › tests/e2e/admin-polish.spec.ts:86:7 › admin panel and moderation UI polish › admin controls on public board, catalog, thread, and post surfaces stay grouped and tappable (2.9s)
  ✓   33 [chromium] › tests/e2e/admin-settings-phase2.spec.ts:14:7 › phase 2 admin settings save flows › site, media, backup, banner toggles, invalid values, and TOML writeback stay deterministic (2.7s)
  ✓   34 [chromium] › tests/e2e/admin-settings-phase2.spec.ts:144:7 › phase 2 admin settings save flows › admin settings mutations are admin-only and CSRF-protected (1.3s)
  ✓   23 [chromium] › tests/e2e/upload-validation.spec.ts:222:1 › RustChan media upload validation matrix (34.3s)
(node:94252) Warning: The 'NO_COLOR' env is ignored due to the 'FORCE_COLOR' env being set.
(Use `node --trace-warnings ...` to show where the warning was created)
(node:94252) Warning: The 'NO_COLOR' env is ignored due to the 'FORCE_COLOR' env being set.
(Use `node --trace-warnings ...` to show where the warning was created)
  ✓   35 [chromium] › tests/e2e/assets-themes-phase2.spec.ts:19:7 › phase 2 assets, favicons, banners, and themes › global and board favicons upload, replace, cache, protect, and clear without stale files (6.7s)
  ✓   37 [chromium] › tests/e2e/assets-themes-phase2.spec.ts:171:7 › phase 2 assets, favicons, banners, and themes › custom themes create, edit, delete, and clear default references safely (1.5s)
  ✓   38 [chromium] › tests/e2e/audit-surfaces.spec.ts:19:7 › browser-reachable audit surfaces › home, preferences, theme fallback, and narrow layout are reachable (356ms)
  ✓   39 [chromium] › tests/e2e/audit-surfaces.spec.ts:61:7 › browser-reachable audit surfaces › poll creation, voting, catalog controls, and hidden-thread views work through browser paths (1.5s)
  ✓   40 [chromium] › tests/e2e/audit-surfaces.spec.ts:121:7 › browser-reachable audit surfaces › public report controls work with JavaScript and expose a no-JS fallback (641ms)
  ✓   36 [chromium] › tests/e2e/assets-themes-phase2.spec.ts:95:7 › phase 2 assets, favicons, banners, and themes › banners upload, reject invalid assets, cache-bust, protect board assets, delete, and restore inherit mode (4.9s)
  ✓   41 [chromium] › tests/e2e/audit-surfaces.spec.ts:153:7 › browser-reachable audit surfaces › admin-authenticated and unauthenticated browser states expose expected security controls (4.0s)
  ✓   42 [chromium] › tests/e2e/audit-surfaces.spec.ts:177:7 › browser-reachable audit surfaces › new activity badges are browser-visible and clear after visiting the target thread (1.4s)
  ✓   43 [chromium] › tests/e2e/auth-admin.spec.ts:22:7 › first run and admin authentication › fresh runtime creates exe-local structure and reports missing admin without leaking secrets (2.5s)
  ✓   45 [chromium] › tests/e2e/auth-admin.spec.ts:98:7 › first run and admin authentication › admin login, logout, stale back page, cookie attributes, and context isolation (2.5s)
  ✓   44 [chromium] › tests/e2e/auth-admin.spec.ts:61:7 › first run and admin authentication › invalid settings fail closed without leaking configured secrets (4.3s)
  ✓   47 [chromium] › tests/e2e/auth-admin.spec.ts:184:7 › admin board management › rejects invalid, traversal-like, and duplicate board short names safely (1.5s)
  -   48 [chromium] › tests/e2e/auto-compress.spec.ts:27:7 › auto-compress oversized uploads › oversized image is compressed, accepted, served, and previewed
  -   49 [chromium] › tests/e2e/auto-compress.spec.ts:68:7 › auto-compress oversized uploads › oversized video is compressed, accepted, served, playable, and thumbnailed
  -   50 [chromium] › tests/e2e/auto-compress.spec.ts:113:7 › auto-compress oversized uploads › direct oversized upload without client compression rejects cleanly
  -   51 [chromium] › tests/e2e/auto-compress.spec.ts:148:7 › auto-compress oversized uploads › still-too-large browser compression fails without creating posts or staged files
  ✓   46 [chromium] › tests/e2e/auth-admin.spec.ts:140:7 › admin board management › creates, edits, protects against injection, persists, and deletes boards (2.4s)
  ✓   53 [chromium] › tests/e2e/board-settings-phase2.spec.ts:183:7 › phase 2 board settings depth › invalid board inputs, upload caps, delete cleanup, and safe redirects fail closed (2.7s)
  ✓   54 [chromium] › tests/e2e/button-sizing.spec.ts:34:7 › public button and action-control sizing › public action controls stay consistently sized across scripted and no-JS controls (3.2s)
  ✓   52 [chromium] › tests/e2e/board-settings-phase2.spec.ts:21:7 › phase 2 board settings depth › browser admin flow creates boards and persists deep settings across access modes (7.1s)
  ✓   55 [chromium] › tests/e2e/captcha.spec.ts:10:7 › CAPTCHA posting flow › renders image CAPTCHA and rejects bad answers in Chromium and WebKit (613ms)
  ✓   56 [chromium] › tests/e2e/captcha.spec.ts:46:7 › CAPTCHA posting flow › no-JS users can reload for a fresh challenge and see server-rendered errors (504ms)
  ✓   57 [chromium] › tests/e2e/csrf-navigation.spec.ts:17:7 › CSRF, Origin, Referer, and browser navigation regressions › forms include CSRF and missing or invalid CSRF is rejected for mutations (1.5s)
  ✓   59 [chromium] › tests/e2e/csrf-navigation.spec.ts:90:7 › CSRF, Origin, Referer, and browser navigation regressions › Origin, Referer, null Origin, loopback aliases, and GET mutations follow policy (1.4s)
  ✓   58 [chromium] › tests/e2e/csrf-navigation.spec.ts:51:7 › CSRF, Origin, Referer, and browser navigation regressions › session-scoped admin CSRF cannot be reused across sessions or after logout (2.7s)
  -   61 [chromium] › tests/e2e/firefox-nojs-public.spec.ts:22:7 › Firefox no-JS public regression › public browsing, anchors, quotes, posting validation, and readable errors are server-rendered
  -   62 [chromium] › tests/e2e/firefox-nojs-public.spec.ts:75:7 › Firefox no-JS public regression › own-post edit and delete fallbacks use ownership cookies and fail closed
  -   63 [chromium] › tests/e2e/firefox-nojs-public.spec.ts:130:7 › Firefox no-JS public regression › media upload, render, headers, disabled policy, size, and traversal checks work without JavaScript
  -   64 [chromium] › tests/e2e/firefox-nojs-public.spec.ts:197:7 › Firefox no-JS public regression › fixture-driven board/site toggles, password boards, thread states, and defaults stay public-only
  -   65 [chromium] › tests/e2e/firefox-nojs-public.spec.ts:283:7 › Firefox no-JS public regression › themes, no-JS preferences, activity read state, and degraded HTTP behavior are safe
  ✓   60 [chromium] › tests/e2e/csrf-navigation.spec.ts:137:7 › CSRF, Origin, Referer, and browser navigation regressions › back-forward and refresh around POST redirects do not duplicate mutations (2.5s)
  ✓   67 [chromium] › tests/e2e/maintenance-backup-phase2.spec.ts:74:7 › phase 2 admin maintenance and backup progress › backup create, progress JSON, saved row, download, corrupt restore failure, cleanup, and delete are safe (2.3s)
  -   68 [chromium] › tests/e2e/maintenance-backup-phase2.spec.ts:153:7 › phase 2 admin maintenance and backup progress › fault-injected repair failure and pre-repair backup failure remain manual e2e cases
  -   69 [chromium] › tests/e2e/media-toolchain.spec.ts:14:7 › real media toolchain › uploads use real thumbnails, transcodes, waveform previews, and PDF fallback safely
  ✓   70 [chromium] › tests/e2e/media.spec.ts:12:7 › media upload handling › image uploads render previews and disabled boards reject them safely (505ms)
  ✓   71 [chromium] › tests/e2e/media.spec.ts:51:7 › media upload handling › invalid, spoofed, oversized, and traversal-like media paths are rejected safely (1.7s)
  ✓   72 [chromium] › tests/e2e/media.spec.ts:84:7 › media upload handling › video, audio, PDF, and unusual filenames follow board media policy (2.5s)
  ✓   73 [chromium] › tests/e2e/mobile-nojs.spec.ts:14:7 › mobile responsive smoke › home, board, thread composer, media preview, admin login, and board edit are usable on mobile (2.2s)
  ✓   74 [chromium] › tests/e2e/mobile-nojs.spec.ts:43:7 › no-JS fallback › public navigation, thread creation, admin login, settings POST, and CSRF work without JavaScript (1.5s)
  ✓   66 [chromium] › tests/e2e/maintenance-backup-phase2.spec.ts:15:7 › phase 2 admin maintenance and backup progress › DB check, repair status, progress polling, stale job protection, and concurrent maintenance blocking work through admin UI routes (13.9s)
  -   76 [chromium] › tests/e2e/moderation-phase2.spec.ts:234:7 › phase 2 moderation, report, and ban lifecycle › no-JS report fallback posts through the plain form when JavaScript is disabled
  ✓   75 [chromium] › tests/e2e/moderation-phase2.spec.ts:17:7 › phase 2 moderation, report, and ban lifecycle › JS report modal, duplicate reports, resolution, deletion, bans, appeals, and mod log are coherent (4.1s)
  ✓   77 [chromium] › tests/e2e/password-boards.spec.ts:20:7 › password-protected boards › view-password boards require per-context unlock and resist back-forward bypasses (5.1s)
  ✓   79 [chromium] › tests/e2e/password-boards.spec.ts:128:7 › password-protected boards › view-password boards do not leak protected content before unlock (2.5s)
  ✓   78 [chromium] › tests/e2e/password-boards.spec.ts:70:7 › password-protected boards › post-password boards allow viewing but require password for threads and replies (4.9s)
  -   81 [chromium] › tests/e2e/password-boards.spec.ts:223:7 › password-protected boards › mobile WebKit persists board unlock over HTTP localhost when HTTPS cookies are configured
  ✓   82 [chromium] › tests/e2e/phase3-activity-cache.spec.ts:30:7 › phase 3 activity cache and browser restore behavior › activity cookies survive restart and BFCache restore does not resurrect cleared badges (2.2s)
  ✓   83 [chromium] › tests/e2e/phase3-activity-cache.spec.ts:90:7 › phase 3 activity cache and browser restore behavior › protected board activity cookies do not leak badges after the unlock cookie is removed (4.3s)
  -   84 [chromium] › tests/e2e/phase3-activity-cache.spec.ts:140:7 › phase 3 activity cache and browser restore behavior › Firefox no-JS activity badges clear through plain navigation
  ✓   80 [chromium] › tests/e2e/password-boards.spec.ts:193:7 › password-protected boards › password changes retire the old password and accept the new one (7.2s)
  ✓   85 [chromium] › tests/e2e/phase3-media-runtime.spec.ts:25:7 › phase 3 media viewer runtime behavior › image viewer expands, collapses, falls back for missing thumbs, and keeps long filename links usable (633ms)
  -   87 [chromium] › tests/e2e/phase3-media-runtime.spec.ts:154:7 › phase 3 media viewer runtime behavior › Firefox no-JS users keep direct media links without the JS viewer
  ✓   86 [chromium] › tests/e2e/phase3-media-runtime.spec.ts:77:7 › phase 3 media viewer runtime behavior › video, audio, PDF, and pending media refresh render controls without pixel assertions (2.4s)
  -   89 [chromium] › tests/e2e/phase3-mobile-webkit-runtime.spec.ts:21:7 › phase 3 mobile WebKit runtime coverage › login, protected unlock, posting, own-post controls, media viewer, admin settings, and long pages stay usable
  ✓   90 [chromium] › tests/e2e/phase3-static-proxy-tor.spec.ts:19:7 › phase 3 static and runtime headers › static assets, dynamic pages, media, and missing assets use safe cache and framing headers (617ms)
  ✓   91 [chromium] › tests/e2e/phase3-static-proxy-tor.spec.ts:88:7 › phase 3 proxy, public-host, and secure-cookie checks › trusted forwarded HTTPS sets secure admin cookies and HSTS only for configured public hosts (5.5s)
  -   92 [chromium] › tests/e2e/phase3-static-proxy-tor.spec.ts:167:7 › phase 3 proxy, public-host, and secure-cookie checks › local TLS listener, self-signed browser trust, and HTTP redirect host rejection remain opt-in
  ✓   88 [chromium] › tests/e2e/phase3-media-runtime.spec.ts:181:7 › phase 3 downloads, range requests, and media headers › uploaded media headers, browser downloads, stale transcode redirects, and protected denials are safe (8.7s)
  -   94 [chromium] › tests/e2e/phase3-static-proxy-tor.spec.ts:207:7 › phase 3 Tor and onion UI checks › active onion pill, copy behavior, Onion-Location, and already-onion suppression remain opt-in
  ✓   93 [chromium] › tests/e2e/phase3-static-proxy-tor.spec.ts:177:7 › phase 3 Tor and onion UI checks › Tor-disabled runtime keeps home/admin layouts stable and hides Tor-key backup controls (1.8s)
  ✓   96 [chromium] › tests/e2e/phase4-accessibility-progressive.spec.ts:105:7 › phase 4 accessibility basics and progressive enhancement › report, edit, delete confirmation, preferences, and media controls close cleanly and restore focus (681ms)
  ✓   97 [chromium] › tests/e2e/phase4-accessibility-progressive.spec.ts:166:7 › phase 4 accessibility basics and progressive enhancement › critical public flows remain usable without optional main JavaScript (391ms)
  ✓   95 [chromium] › tests/e2e/phase4-accessibility-progressive.spec.ts:30:7 › phase 4 accessibility basics and progressive enhancement › home, board, catalog, thread, posting, preferences, and admin forms expose keyboardable named controls (2.5s)
  ✓   99 [chromium] › tests/e2e/phase4-empty-error-permission.spec.ts:87:7 › phase 4 empty, error, and permission states › posting, invalid upload, locked or archived thread, deleted post or thread, and active ban errors stay safe (2.3s)
  ✓   98 [chromium] › tests/e2e/phase4-empty-error-permission.spec.ts:34:7 › phase 4 empty, error, and permission states › standalone 404, 400-ish, 403, locked-board, and banned pages stay clear and safe (3.3s)
  ✓  100 [chromium] › tests/e2e/phase4-empty-error-permission.spec.ts:168:7 › phase 4 empty, error, and permission states › invalid admin forms and restore uploads fail closed with useful admin navigation (1.5s)
  ✓  101 [chromium] › tests/e2e/phase4-responsive-long-content.spec.ts:32:7 › phase 4 responsive and long-content stress › long board metadata, titles, posts, filenames, counters, and admin rows stay usable without overlap (5.9s)
  ✓  103 [chromium] › tests/e2e/phase4-stress-release-smoke.spec.ts:147:7 › phase 4 high-volume and release-smoke journeys › fresh runtime can become a usable site, moderate content, back up, and restore (6.7s)
  -  104 [chromium] › tests/e2e/phase4-stress-release-smoke.spec.ts:232:7 › phase 4 high-volume and release-smoke journeys › no-JS public posting, upload, own edit or delete, report, unlock, and moderation smoke works
  ✓  102 [chromium] › tests/e2e/phase4-stress-release-smoke.spec.ts:32:7 › phase 4 high-volume and release-smoke journeys › busy public, protected, admin, search, API, update, and pagination surfaces remain usable (12.7s)
  ✓  105 [chromium] › tests/e2e/phase4-theme-contrast.spec.ts:24:7 › phase 4 built-in theme and contrast polish › theme picker order, selected state, site default, board override, and inherit behavior stay stable (5.4s)
  ✓  107 [chromium] › tests/e2e/posting-thread.spec.ts:19:7 › logged-out navigation and posting › home, board, catalog, thread, assets, theme, and back-forward navigation are stable (789ms)
  ✓  108 [chromium] › tests/e2e/posting-thread.spec.ts:50:7 › logged-out navigation and posting › thread creation, reply, escaping, quote-ish text, unicode, and refresh do not duplicate posts (583ms)
  ✓  109 [chromium] › tests/e2e/posting-thread.spec.ts:68:7 › logged-out navigation and posting › empty, oversized, duplicate, invalid id, and stale-form posting errors stay safe (685ms)
  ✓  110 [chromium] › tests/e2e/posting-thread.spec.ts:124:7 › logged-out navigation and posting › own edit modal and delete confirmation are limited to the posting browser context (2.3s)
  ✓  106 [chromium] › tests/e2e/phase4-theme-contrast.spec.ts:93:7 › phase 4 built-in theme and contrast polish › built-in themes keep core public and admin states readable without console errors (9.2s)
  ✓  112 [chromium] › tests/e2e/settings.spec.ts:19:7 › settings, catalog, archive, search, and maintenance › site settings persist to settings.toml and survive restart (2.2s)
  ✓  111 [chromium] › tests/e2e/posting-thread.spec.ts:169:7 › logged-out navigation and posting › own-post controls deny expired, replied, locked, archived, and deleted posts safely (2.7s)
  ✓  113 [chromium] › tests/e2e/settings.spec.ts:43:7 › settings, catalog, archive, search, and maintenance › search and catalog handle unicode, punctuation, empty, long, and SQL-ish queries safely (727ms)
  ✓  114 [chromium] › tests/e2e/settings.spec.ts:59:7 › settings, catalog, archive, search, and maintenance › bump/archive behavior and maintenance controls are admin-only and CSRF protected (3.5s)
(node:1177) Warning: The 'NO_COLOR' env is ignored due to the 'FORCE_COLOR' env being set.
(Use `node --trace-warnings ...` to show where the warning was created)
(node:1177) Warning: The 'NO_COLOR' env is ignored due to the 'FORCE_COLOR' env being set.
(Use `node --trace-warnings ...` to show where the warning was created)
  -  116 [webkit] › tests/e2e/activity-notifications.spec.ts:33:7 › new activity notification clearing audit › scripted projects › homepage, board, catalog, and thread badges clear after viewed in Chromium and mobile WebKit
  -  117 [webkit] › tests/e2e/activity-notifications.spec.ts:119:7 › new activity notification clearing audit › scripted projects › admin toggles keep homepage and thread badges independent
  -  118 [webkit] › tests/e2e/activity-notifications.spec.ts:174:7 › new activity notification clearing audit › Firefox no-JS project › server-rendered read state clears without JavaScript
  ✓  115 [chromium] › tests/e2e/settings.spec.ts:116:7 › settings, catalog, archive, search, and maintenance › thread sage, bump limits, sticky, lock, archive, and ban denials stay deterministic (5.3s)
(node:1263) Warning: The 'NO_COLOR' env is ignored due to the 'FORCE_COLOR' env being set.
(Use `node --trace-warnings ...` to show where the warning was created)
(node:1263) Warning: The 'NO_COLOR' env is ignored due to the 'FORCE_COLOR' env being set.
(Use `node --trace-warnings ...` to show where the warning was created)
  ✓  119 [webkit] › tests/e2e/backup-restore.spec.ts:107:7 › live backup and restore coverage › manual directory full backups restore complete site state into a fresh restarted runtime (17.6s)
  ✓  120 [webkit] › tests/e2e/backup-restore.spec.ts:135:7 › live backup and restore coverage › manual split full backups cover every exposed split-size option and require complete parts for restore (23.0s)
  ✓  121 [webkit] › tests/e2e/backup-restore.spec.ts:188:7 › live backup and restore coverage › saved board backups restore one board without replacing the rest of the site (10.4s)
  ✓  123 [webkit] › tests/e2e/backup-restore.spec.ts:255:7 › live backup and restore coverage › Tor hidden service keys are included, excluded, and restored only when explicitly requested (15.7s)
  ✓  124 [webkit] › tests/e2e/backup-restore.spec.ts:322:7 › live backup and restore coverage › restore rejects invalid archives and leaves the live site usable (5.6s)
  -  125 [webkit] › tests/e2e/console-headless.spec.ts:19:7 › terminal console / browser boundary › fresh headless startup keeps web setup available without terminal prompts
  -  126 [webkit] › tests/e2e/console-headless.spec.ts:38:7 › terminal console / browser boundary › CLI-seeded administration survives headless restart with readable logs
  -  127 [webkit] › tests/e2e/helpers-lifecycle.spec.ts:30:7 › RustChan fixture lifecycle › dispose removes temporary roots and supports explicit preservation
  -  128 [webkit] › tests/e2e/helpers-lifecycle.spec.ts:50:7 › RustChan fixture lifecycle › dispose stops a started process before removing its root
  ✓  129 [webkit] › tests/e2e/setup-wizard.spec.ts:86:7 › first-run setup wizard › fresh setup persists PDF/media limits and enforces PDF limit (4.5s)
  ✓  130 [webkit] › tests/e2e/setup-wizard.spec.ts:125:7 › first-run setup wizard › initialized instance cannot access setup routes (3.7s)
  ✓  131 [webkit] › tests/e2e/setup-wizard.spec.ts:143:7 › first-run setup wizard › admin can reopen setup and close it without changing settings (5.1s)
  ✓  132 [webkit] › tests/e2e/setup-wizard.spec.ts:168:7 › first-run setup wizard › reopened setup cannot replace existing admin credentials (5.0s)
  -  133 [webkit] › tests/e2e/setup-wizard.spec.ts:191:7 › first-run setup wizard › no-JS setup flow still works
  ✓  134 [webkit] › tests/e2e/setup-wizard.spec.ts:199:7 › first-run setup wizard › mobile wizard review and finish layout remains usable (3.9s)
submission-idempotency-races=[{"repetition":1,"threadStatuses":[303,303,303,303,303,303,303,303],"threadLocation":"/pub/thread/1#p1","threadPosts":1,"threadMappings":1,"replyStatuses":[303,303,303,303,303,303,303,303],"replyLocation":"/pub/thread/1#p2","replyPosts":1,"replyMappings":1,"replyCounter":1},{"repetition":2,"threadStatuses":[303,303,303,303,303,303,303,303],"threadLocation":"/pub/thread/1#p1","threadPosts":1,"threadMappings":1,"replyStatuses":[303,303,303,303,303,303,303,303],"replyLocation":"/pub/thread/1#p2","replyPosts":1,"replyMappings":1,"replyCounter":1},{"repetition":3,"threadStatuses":[303,303,303,303,303,303,303,303],"threadLocation":"/pub/thread/1#p1","threadPosts":1,"threadMappings":1,"replyStatuses":[303,303,303,303,303,303,303,303],"replyLocation":"/pub/thread/1#p2","replyPosts":1,"replyMappings":1,"replyCounter":1}]
  ✓  135 [webkit] › tests/e2e/submission-idempotency.spec.ts:28:5 › public submission tokens stay atomic across concurrent thread and reply requests (12.7s)
  -  136 [webkit] › tests/e2e/tor-admin-onion-smoke.spec.ts:27:7 › Tor onion admin smoke (local opt-in) › admin login and same-origin checks work over plain onion HTTP
  -  137 [webkit] › tests/e2e/upload-regressions.spec.ts:95:3 › upload regressions (ignored by default) › posting UI accepts audio/MKV variants and keeps textarea resize disabled
  -  138 [webkit] › tests/e2e/upload-validation.spec.ts:222:1 › RustChan media upload validation matrix
(node:7299) Warning: The 'NO_COLOR' env is ignored due to the 'FORCE_COLOR' env being set.
(Use `node --trace-warnings ...` to show where the warning was created)
(node:7299) Warning: The 'NO_COLOR' env is ignored due to the 'FORCE_COLOR' env being set.
(Use `node --trace-warnings ...` to show where the warning was created)
  ✓  122 [webkit] › tests/e2e/backup-restore.spec.ts:224:7 › live backup and restore coverage › automated full backups write scheduled artifacts with the configured storage mode (1.1m)
(node:7525) Warning: The 'NO_COLOR' env is ignored due to the 'FORCE_COLOR' env being set.
(Use `node --trace-warnings ...` to show where the warning was created)
(node:7525) Warning: The 'NO_COLOR' env is ignored due to the 'FORCE_COLOR' env being set.
(Use `node --trace-warnings ...` to show where the warning was created)
  ✓  139 [webkit] › tests/e2e/admin-ban-delete.spec.ts:17:7 › admin ban+delete confirmation flow › styled modal handles cancel, validation, focus, and safe reply submission (2.9s)
  -  141 [webkit] › tests/e2e/admin-dashboard.spec.ts:14:7 › admin dashboard control center › desktop dashboard prioritizes current issues and task-oriented workflows
  -  142 [webkit] › tests/e2e/admin-dashboard.spec.ts:83:7 › admin dashboard control center › mobile dashboard is visible, tappable, and contained at 390px and 320px
  -  143 [webkit] › tests/e2e/admin-dashboard.spec.ts:111:7 › admin dashboard control center › no-JS dashboard opens by default and its links reveal protected destinations
  -  144 [webkit] › tests/e2e/admin-dashboard.spec.ts:148:7 › admin dashboard control center › state pills retain readable text contrast across built-in themes
  -  145 [webkit] › tests/e2e/admin-dashboard.spec.ts:165:7 › admin dashboard control center › unauthenticated admin panel requests do not render the dashboard
  -  140 [webkit] › tests/e2e/admin-ban-delete.spec.ts:90:7 › admin ban+delete confirmation flow › no-JS fallback still submits the original form with default moderation fields
  ✓  147 [webkit] › tests/e2e/admin-polish.spec.ts:86:7 › admin panel and moderation UI polish › admin controls on public board, catalog, thread, and post surfaces stay grouped and tappable (4.0s)
  -  148 [webkit] › tests/e2e/admin-settings-phase2.spec.ts:14:7 › phase 2 admin settings save flows › site, media, backup, banner toggles, invalid values, and TOML writeback stay deterministic
  -  149 [webkit] › tests/e2e/admin-settings-phase2.spec.ts:144:7 › phase 2 admin settings save flows › admin settings mutations are admin-only and CSRF-protected
  -  150 [webkit] › tests/e2e/assets-themes-phase2.spec.ts:19:7 › phase 2 assets, favicons, banners, and themes › global and board favicons upload, replace, cache, protect, and clear without stale files
  -  151 [webkit] › tests/e2e/assets-themes-phase2.spec.ts:95:7 › phase 2 assets, favicons, banners, and themes › banners upload, reject invalid assets, cache-bust, protect board assets, delete, and restore inherit mode
  -  152 [webkit] › tests/e2e/assets-themes-phase2.spec.ts:171:7 › phase 2 assets, favicons, banners, and themes › custom themes create, edit, delete, and clear default references safely
  ✓  153 [webkit] › tests/e2e/audit-surfaces.spec.ts:19:7 › browser-reachable audit surfaces › home, preferences, theme fallback, and narrow layout are reachable (691ms)
  ✓  154 [webkit] › tests/e2e/audit-surfaces.spec.ts:61:7 › browser-reachable audit surfaces › poll creation, voting, catalog controls, and hidden-thread views work through browser paths (2.0s)
  ✓  146 [webkit] › tests/e2e/admin-polish.spec.ts:20:7 › admin panel and moderation UI polish › admin login, panel sections, settings forms, and moderation queues stay usable (10.3s)
  ✓  155 [webkit] › tests/e2e/audit-surfaces.spec.ts:121:7 › browser-reachable audit surfaces › public report controls work with JavaScript and expose a no-JS fallback (1.1s)
  ✓  157 [webkit] › tests/e2e/audit-surfaces.spec.ts:177:7 › browser-reachable audit surfaces › new activity badges are browser-visible and clear after visiting the target thread (2.4s)
  ✓  158 [webkit] › tests/e2e/auth-admin.spec.ts:22:7 › first run and admin authentication › fresh runtime creates exe-local structure and reports missing admin without leaking secrets (2.9s)
  ✓  156 [webkit] › tests/e2e/audit-surfaces.spec.ts:153:7 › browser-reachable audit surfaces › admin-authenticated and unauthenticated browser states expose expected security controls (6.0s)
  ✓  159 [webkit] › tests/e2e/auth-admin.spec.ts:61:7 › first run and admin authentication › invalid settings fail closed without leaking configured secrets (3.4s)
  ✓  160 [webkit] › tests/e2e/auth-admin.spec.ts:98:7 › first run and admin authentication › admin login, logout, stale back page, cookie attributes, and context isolation (3.4s)
  ✓  162 [webkit] › tests/e2e/auth-admin.spec.ts:184:7 › admin board management › rejects invalid, traversal-like, and duplicate board short names safely (2.1s)
  -  163 [webkit] › tests/e2e/auto-compress.spec.ts:27:7 › auto-compress oversized uploads › oversized image is compressed, accepted, served, and previewed
  -  164 [webkit] › tests/e2e/auto-compress.spec.ts:68:7 › auto-compress oversized uploads › oversized video is compressed, accepted, served, playable, and thumbnailed
  -  165 [webkit] › tests/e2e/auto-compress.spec.ts:113:7 › auto-compress oversized uploads › direct oversized upload without client compression rejects cleanly
  -  166 [webkit] › tests/e2e/auto-compress.spec.ts:148:7 › auto-compress oversized uploads › still-too-large browser compression fails without creating posts or staged files
  -  167 [webkit] › tests/e2e/board-settings-phase2.spec.ts:21:7 › phase 2 board settings depth › browser admin flow creates boards and persists deep settings across access modes
  -  168 [webkit] › tests/e2e/board-settings-phase2.spec.ts:183:7 › phase 2 board settings depth › invalid board inputs, upload caps, delete cleanup, and safe redirects fail closed
  ✓  161 [webkit] › tests/e2e/auth-admin.spec.ts:140:7 › admin board management › creates, edits, protects against injection, persists, and deletes boards (3.2s)
  ✓  170 [webkit] › tests/e2e/captcha.spec.ts:10:7 › CAPTCHA posting flow › renders image CAPTCHA and rejects bad answers in Chromium and WebKit (970ms)
  ✓  171 [webkit] › tests/e2e/captcha.spec.ts:46:7 › CAPTCHA posting flow › no-JS users can reload for a fresh challenge and see server-rendered errors (894ms)
  ✓  169 [webkit] › tests/e2e/button-sizing.spec.ts:34:7 › public button and action-control sizing › public action controls stay consistently sized across scripted and no-JS controls (4.2s)
  ✓  172 [webkit] › tests/e2e/csrf-navigation.spec.ts:17:7 › CSRF, Origin, Referer, and browser navigation regressions › forms include CSRF and missing or invalid CSRF is rejected for mutations (2.1s)
  ✓  174 [webkit] › tests/e2e/csrf-navigation.spec.ts:90:7 › CSRF, Origin, Referer, and browser navigation regressions › Origin, Referer, null Origin, loopback aliases, and GET mutations follow policy (1.8s)
  ✓  173 [webkit] › tests/e2e/csrf-navigation.spec.ts:51:7 › CSRF, Origin, Referer, and browser navigation regressions › session-scoped admin CSRF cannot be reused across sessions or after logout (3.6s)
  -  176 [webkit] › tests/e2e/firefox-nojs-public.spec.ts:22:7 › Firefox no-JS public regression › public browsing, anchors, quotes, posting validation, and readable errors are server-rendered
  -  177 [webkit] › tests/e2e/firefox-nojs-public.spec.ts:75:7 › Firefox no-JS public regression › own-post edit and delete fallbacks use ownership cookies and fail closed
  -  178 [webkit] › tests/e2e/firefox-nojs-public.spec.ts:130:7 › Firefox no-JS public regression › media upload, render, headers, disabled policy, size, and traversal checks work without JavaScript
  -  179 [webkit] › tests/e2e/firefox-nojs-public.spec.ts:197:7 › Firefox no-JS public regression › fixture-driven board/site toggles, password boards, thread states, and defaults stay public-only
  -  180 [webkit] › tests/e2e/firefox-nojs-public.spec.ts:283:7 › Firefox no-JS public regression › themes, no-JS preferences, activity read state, and degraded HTTP behavior are safe
  -  181 [webkit] › tests/e2e/maintenance-backup-phase2.spec.ts:15:7 › phase 2 admin maintenance and backup progress › DB check, repair status, progress polling, stale job protection, and concurrent maintenance blocking work through admin UI routes
  -  182 [webkit] › tests/e2e/maintenance-backup-phase2.spec.ts:74:7 › phase 2 admin maintenance and backup progress › backup create, progress JSON, saved row, download, corrupt restore failure, cleanup, and delete are safe
  -  183 [webkit] › tests/e2e/maintenance-backup-phase2.spec.ts:153:7 › phase 2 admin maintenance and backup progress › fault-injected repair failure and pre-repair backup failure remain manual e2e cases
  -  184 [webkit] › tests/e2e/media-toolchain.spec.ts:14:7 › real media toolchain › uploads use real thumbnails, transcodes, waveform previews, and PDF fallback safely
  ✓  175 [webkit] › tests/e2e/csrf-navigation.spec.ts:137:7 › CSRF, Origin, Referer, and browser navigation regressions › back-forward and refresh around POST redirects do not duplicate mutations (2.8s)
  ✓  185 [webkit] › tests/e2e/media.spec.ts:12:7 › media upload handling › image uploads render previews and disabled boards reject them safely (929ms)
  ✓  186 [webkit] › tests/e2e/media.spec.ts:51:7 › media upload handling › invalid, spoofed, oversized, and traversal-like media paths are rejected safely (2.4s)
  ✓  187 [webkit] › tests/e2e/media.spec.ts:84:7 › media upload handling › video, audio, PDF, and unusual filenames follow board media policy (3.5s)
  ✓  188 [webkit] › tests/e2e/mobile-nojs.spec.ts:14:7 › mobile responsive smoke › home, board, thread composer, media preview, admin login, and board edit are usable on mobile (2.8s)
  -  190 [webkit] › tests/e2e/moderation-phase2.spec.ts:17:7 › phase 2 moderation, report, and ban lifecycle › JS report modal, duplicate reports, resolution, deletion, bans, appeals, and mod log are coherent
  ✓  189 [webkit] › tests/e2e/mobile-nojs.spec.ts:43:7 › no-JS fallback › public navigation, thread creation, admin login, settings POST, and CSRF work without JavaScript (1.9s)
  -  191 [webkit] › tests/e2e/moderation-phase2.spec.ts:234:7 › phase 2 moderation, report, and ban lifecycle › no-JS report fallback posts through the plain form when JavaScript is disabled
  ✓  193 [webkit] › tests/e2e/password-boards.spec.ts:70:7 › password-protected boards › post-password boards allow viewing but require password for threads and replies (5.7s)
  ✓  192 [webkit] › tests/e2e/password-boards.spec.ts:20:7 › password-protected boards › view-password boards require per-context unlock and resist back-forward bypasses (6.0s)
  ✓  194 [webkit] › tests/e2e/password-boards.spec.ts:128:7 › password-protected boards › view-password boards do not leak protected content before unlock (3.1s)
  -  196 [webkit] › tests/e2e/password-boards.spec.ts:223:7 › password-protected boards › mobile WebKit persists board unlock over HTTP localhost when HTTPS cookies are configured
  -  197 [webkit] › tests/e2e/phase3-activity-cache.spec.ts:30:7 › phase 3 activity cache and browser restore behavior › activity cookies survive restart and BFCache restore does not resurrect cleared badges
  -  198 [webkit] › tests/e2e/phase3-activity-cache.spec.ts:90:7 › phase 3 activity cache and browser restore behavior › protected board activity cookies do not leak badges after the unlock cookie is removed
  -  199 [webkit] › tests/e2e/phase3-activity-cache.spec.ts:140:7 › phase 3 activity cache and browser restore behavior › Firefox no-JS activity badges clear through plain navigation
  ✓  200 [webkit] › tests/e2e/phase3-media-runtime.spec.ts:25:7 › phase 3 media viewer runtime behavior › image viewer expands, collapses, falls back for missing thumbs, and keeps long filename links usable (1.0s)
  -  201 [webkit] › tests/e2e/phase3-media-runtime.spec.ts:77:7 › phase 3 media viewer runtime behavior › video, audio, PDF, and pending media refresh render controls without pixel assertions
  -  202 [webkit] › tests/e2e/phase3-media-runtime.spec.ts:154:7 › phase 3 media viewer runtime behavior › Firefox no-JS users keep direct media links without the JS viewer
  -  203 [webkit] › tests/e2e/phase3-media-runtime.spec.ts:181:7 › phase 3 downloads, range requests, and media headers › uploaded media headers, browser downloads, stale transcode redirects, and protected denials are safe
  -  204 [webkit] › tests/e2e/phase3-mobile-webkit-runtime.spec.ts:21:7 › phase 3 mobile WebKit runtime coverage › login, protected unlock, posting, own-post controls, media viewer, admin settings, and long pages stay usable
  -  205 [webkit] › tests/e2e/phase3-static-proxy-tor.spec.ts:19:7 › phase 3 static and runtime headers › static assets, dynamic pages, media, and missing assets use safe cache and framing headers
  -  206 [webkit] › tests/e2e/phase3-static-proxy-tor.spec.ts:88:7 › phase 3 proxy, public-host, and secure-cookie checks › trusted forwarded HTTPS sets secure admin cookies and HSTS only for configured public hosts
  -  207 [webkit] › tests/e2e/phase3-static-proxy-tor.spec.ts:167:7 › phase 3 proxy, public-host, and secure-cookie checks › local TLS listener, self-signed browser trust, and HTTP redirect host rejection remain opt-in
  -  208 [webkit] › tests/e2e/phase3-static-proxy-tor.spec.ts:177:7 › phase 3 Tor and onion UI checks › Tor-disabled runtime keeps home/admin layouts stable and hides Tor-key backup controls
  -  209 [webkit] › tests/e2e/phase3-static-proxy-tor.spec.ts:207:7 › phase 3 Tor and onion UI checks › active onion pill, copy behavior, Onion-Location, and already-onion suppression remain opt-in
  -  210 [webkit] › tests/e2e/phase4-accessibility-progressive.spec.ts:30:7 › phase 4 accessibility basics and progressive enhancement › home, board, catalog, thread, posting, preferences, and admin forms expose keyboardable named controls
  -  211 [webkit] › tests/e2e/phase4-accessibility-progressive.spec.ts:105:7 › phase 4 accessibility basics and progressive enhancement › report, edit, delete confirmation, preferences, and media controls close cleanly and restore focus
  -  212 [webkit] › tests/e2e/phase4-accessibility-progressive.spec.ts:166:7 › phase 4 accessibility basics and progressive enhancement › critical public flows remain usable without optional main JavaScript
  -  213 [webkit] › tests/e2e/phase4-empty-error-permission.spec.ts:34:7 › phase 4 empty, error, and permission states › standalone 404, 400-ish, 403, locked-board, and banned pages stay clear and safe
  -  214 [webkit] › tests/e2e/phase4-empty-error-permission.spec.ts:87:7 › phase 4 empty, error, and permission states › posting, invalid upload, locked or archived thread, deleted post or thread, and active ban errors stay safe
  -  215 [webkit] › tests/e2e/phase4-empty-error-permission.spec.ts:168:7 › phase 4 empty, error, and permission states › invalid admin forms and restore uploads fail closed with useful admin navigation
  -  216 [webkit] › tests/e2e/phase4-responsive-long-content.spec.ts:32:7 › phase 4 responsive and long-content stress › long board metadata, titles, posts, filenames, counters, and admin rows stay usable without overlap
  -  217 [webkit] › tests/e2e/phase4-stress-release-smoke.spec.ts:32:7 › phase 4 high-volume and release-smoke journeys › busy public, protected, admin, search, API, update, and pagination surfaces remain usable
  -  218 [webkit] › tests/e2e/phase4-stress-release-smoke.spec.ts:147:7 › phase 4 high-volume and release-smoke journeys › fresh runtime can become a usable site, moderate content, back up, and restore
  -  219 [webkit] › tests/e2e/phase4-stress-release-smoke.spec.ts:232:7 › phase 4 high-volume and release-smoke journeys › no-JS public posting, upload, own edit or delete, report, unlock, and moderation smoke works
  -  220 [webkit] › tests/e2e/phase4-theme-contrast.spec.ts:24:7 › phase 4 built-in theme and contrast polish › theme picker order, selected state, site default, board override, and inherit behavior stay stable
  -  221 [webkit] › tests/e2e/phase4-theme-contrast.spec.ts:93:7 › phase 4 built-in theme and contrast polish › built-in themes keep core public and admin states readable without console errors
  ✓  195 [webkit] › tests/e2e/password-boards.spec.ts:193:7 › password-protected boards › password changes retire the old password and accept the new one (8.4s)
  ✓  223 [webkit] › tests/e2e/posting-thread.spec.ts:50:7 › logged-out navigation and posting › thread creation, reply, escaping, quote-ish text, unicode, and refresh do not duplicate posts (1.0s)
  ✓  222 [webkit] › tests/e2e/posting-thread.spec.ts:19:7 › logged-out navigation and posting › home, board, catalog, thread, assets, theme, and back-forward navigation are stable (1.4s)
  ✓  224 [webkit] › tests/e2e/posting-thread.spec.ts:68:7 › logged-out navigation and posting › empty, oversized, duplicate, invalid id, and stale-form posting errors stay safe (1.3s)
  ✓  225 [webkit] › tests/e2e/posting-thread.spec.ts:124:7 › logged-out navigation and posting › own edit modal and delete confirmation are limited to the posting browser context (3.3s)
  ✓  226 [webkit] › tests/e2e/posting-thread.spec.ts:169:7 › logged-out navigation and posting › own-post controls deny expired, replied, locked, archived, and deleted posts safely (3.7s)
  ✓  227 [webkit] › tests/e2e/settings.spec.ts:19:7 › settings, catalog, archive, search, and maintenance › site settings persist to settings.toml and survive restart (2.4s)
  ✓  228 [webkit] › tests/e2e/settings.spec.ts:43:7 › settings, catalog, archive, search, and maintenance › search and catalog handle unicode, punctuation, empty, long, and SQL-ish queries safely (1.1s)
  ✓  229 [webkit] › tests/e2e/settings.spec.ts:59:7 › settings, catalog, archive, search, and maintenance › bump/archive behavior and maintenance controls are admin-only and CSRF protected (4.6s)
(node:9714) Warning: The 'NO_COLOR' env is ignored due to the 'FORCE_COLOR' env being set.
(Use `node --trace-warnings ...` to show where the warning was created)
(node:9714) Warning: The 'NO_COLOR' env is ignored due to the 'FORCE_COLOR' env being set.
(Use `node --trace-warnings ...` to show where the warning was created)
  -  231 [firefox] › tests/e2e/activity-notifications.spec.ts:33:7 › new activity notification clearing audit › scripted projects › homepage, board, catalog, and thread badges clear after viewed in Chromium and mobile WebKit
  -  232 [firefox] › tests/e2e/activity-notifications.spec.ts:119:7 › new activity notification clearing audit › scripted projects › admin toggles keep homepage and thread badges independent
  -  233 [firefox] › tests/e2e/activity-notifications.spec.ts:174:7 › new activity notification clearing audit › Firefox no-JS project › server-rendered read state clears without JavaScript
  ✓  230 [webkit] › tests/e2e/settings.spec.ts:116:7 › settings, catalog, archive, search, and maintenance › thread sage, bump limits, sticky, lock, archive, and ban denials stay deterministic (6.0s)
(node:9752) Warning: The 'NO_COLOR' env is ignored due to the 'FORCE_COLOR' env being set.
(Use `node --trace-warnings ...` to show where the warning was created)
(node:9752) Warning: The 'NO_COLOR' env is ignored due to the 'FORCE_COLOR' env being set.
(Use `node --trace-warnings ...` to show where the warning was created)
  ✓  234 [firefox] › tests/e2e/backup-restore.spec.ts:107:7 › live backup and restore coverage › manual directory full backups restore complete site state into a fresh restarted runtime (18.3s)
  ✓  235 [firefox] › tests/e2e/backup-restore.spec.ts:135:7 › live backup and restore coverage › manual split full backups cover every exposed split-size option and require complete parts for restore (24.2s)
  ✓  236 [firefox] › tests/e2e/backup-restore.spec.ts:188:7 › live backup and restore coverage › saved board backups restore one board without replacing the rest of the site (10.9s)
  ✓  238 [firefox] › tests/e2e/backup-restore.spec.ts:255:7 › live backup and restore coverage › Tor hidden service keys are included, excluded, and restored only when explicitly requested (16.4s)
  ✓  239 [firefox] › tests/e2e/backup-restore.spec.ts:322:7 › live backup and restore coverage › restore rejects invalid archives and leaves the live site usable (5.5s)
  -  240 [firefox] › tests/e2e/console-headless.spec.ts:19:7 › terminal console / browser boundary › fresh headless startup keeps web setup available without terminal prompts
  -  241 [firefox] › tests/e2e/console-headless.spec.ts:38:7 › terminal console / browser boundary › CLI-seeded administration survives headless restart with readable logs
  -  242 [firefox] › tests/e2e/helpers-lifecycle.spec.ts:30:7 › RustChan fixture lifecycle › dispose removes temporary roots and supports explicit preservation
  -  243 [firefox] › tests/e2e/helpers-lifecycle.spec.ts:50:7 › RustChan fixture lifecycle › dispose stops a started process before removing its root
  ✓  244 [firefox] › tests/e2e/setup-wizard.spec.ts:86:7 › first-run setup wizard › fresh setup persists PDF/media limits and enforces PDF limit (4.2s)
  ✓  245 [firefox] › tests/e2e/setup-wizard.spec.ts:125:7 › first-run setup wizard › initialized instance cannot access setup routes (3.4s)
  ✓  246 [firefox] › tests/e2e/setup-wizard.spec.ts:143:7 › first-run setup wizard › admin can reopen setup and close it without changing settings (4.7s)
  ✓  247 [firefox] › tests/e2e/setup-wizard.spec.ts:168:7 › first-run setup wizard › reopened setup cannot replace existing admin credentials (4.7s)
  -  248 [firefox] › tests/e2e/setup-wizard.spec.ts:191:7 › first-run setup wizard › no-JS setup flow still works
  ✓  249 [firefox] › tests/e2e/setup-wizard.spec.ts:199:7 › first-run setup wizard › mobile wizard review and finish layout remains usable (3.3s)
submission-idempotency-races=[{"repetition":1,"threadStatuses":[303,303,303,303,303,303,303,303],"threadLocation":"/pub/thread/1#p1","threadPosts":1,"threadMappings":1,"replyStatuses":[303,303,303,303,303,303,303,303],"replyLocation":"/pub/thread/1#p2","replyPosts":1,"replyMappings":1,"replyCounter":1},{"repetition":2,"threadStatuses":[303,303,303,303,303,303,303,303],"threadLocation":"/pub/thread/1#p1","threadPosts":1,"threadMappings":1,"replyStatuses":[303,303,303,303,303,303,303,303],"replyLocation":"/pub/thread/1#p2","replyPosts":1,"replyMappings":1,"replyCounter":1},{"repetition":3,"threadStatuses":[303,303,303,303,303,303,303,303],"threadLocation":"/pub/thread/1#p1","threadPosts":1,"threadMappings":1,"replyStatuses":[303,303,303,303,303,303,303,303],"replyLocation":"/pub/thread/1#p2","replyPosts":1,"replyMappings":1,"replyCounter":1}]
  ✓  250 [firefox] › tests/e2e/submission-idempotency.spec.ts:28:5 › public submission tokens stay atomic across concurrent thread and reply requests (13.6s)
  -  251 [firefox] › tests/e2e/tor-admin-onion-smoke.spec.ts:27:7 › Tor onion admin smoke (local opt-in) › admin login and same-origin checks work over plain onion HTTP
  -  252 [firefox] › tests/e2e/upload-regressions.spec.ts:95:3 › upload regressions (ignored by default) › posting UI accepts audio/MKV variants and keeps textarea resize disabled
  -  253 [firefox] › tests/e2e/upload-validation.spec.ts:222:1 › RustChan media upload validation matrix
(node:16372) Warning: The 'NO_COLOR' env is ignored due to the 'FORCE_COLOR' env being set.
(Use `node --trace-warnings ...` to show where the warning was created)
(node:16372) Warning: The 'NO_COLOR' env is ignored due to the 'FORCE_COLOR' env being set.
(Use `node --trace-warnings ...` to show where the warning was created)
  ✓  237 [firefox] › tests/e2e/backup-restore.spec.ts:224:7 › live backup and restore coverage › automated full backups write scheduled artifacts with the configured storage mode (1.1m)
(node:16394) Warning: The 'NO_COLOR' env is ignored due to the 'FORCE_COLOR' env being set.
(Use `node --trace-warnings ...` to show where the warning was created)
(node:16394) Warning: The 'NO_COLOR' env is ignored due to the 'FORCE_COLOR' env being set.
(Use `node --trace-warnings ...` to show where the warning was created)
  ✓  254 [firefox] › tests/e2e/admin-ban-delete.spec.ts:17:7 › admin ban+delete confirmation flow › styled modal handles cancel, validation, focus, and safe reply submission (3.6s)
  -  255 [firefox] › tests/e2e/admin-ban-delete.spec.ts:90:7 › admin ban+delete confirmation flow › no-JS fallback still submits the original form with default moderation fields
  -  256 [firefox] › tests/e2e/admin-dashboard.spec.ts:14:7 › admin dashboard control center › desktop dashboard prioritizes current issues and task-oriented workflows
  -  257 [firefox] › tests/e2e/admin-dashboard.spec.ts:83:7 › admin dashboard control center › mobile dashboard is visible, tappable, and contained at 390px and 320px
  -  258 [firefox] › tests/e2e/admin-dashboard.spec.ts:111:7 › admin dashboard control center › no-JS dashboard opens by default and its links reveal protected destinations
  -  260 [firefox] › tests/e2e/admin-dashboard.spec.ts:165:7 › admin dashboard control center › unauthenticated admin panel requests do not render the dashboard
  -  259 [firefox] › tests/e2e/admin-dashboard.spec.ts:148:7 › admin dashboard control center › state pills retain readable text contrast across built-in themes
  ✓  262 [firefox] › tests/e2e/admin-polish.spec.ts:86:7 › admin panel and moderation UI polish › admin controls on public board, catalog, thread, and post surfaces stay grouped and tappable (4.4s)
  -  263 [firefox] › tests/e2e/admin-settings-phase2.spec.ts:14:7 › phase 2 admin settings save flows › site, media, backup, banner toggles, invalid values, and TOML writeback stay deterministic
  -  264 [firefox] › tests/e2e/admin-settings-phase2.spec.ts:144:7 › phase 2 admin settings save flows › admin settings mutations are admin-only and CSRF-protected
  -  265 [firefox] › tests/e2e/assets-themes-phase2.spec.ts:19:7 › phase 2 assets, favicons, banners, and themes › global and board favicons upload, replace, cache, protect, and clear without stale files
  -  266 [firefox] › tests/e2e/assets-themes-phase2.spec.ts:95:7 › phase 2 assets, favicons, banners, and themes › banners upload, reject invalid assets, cache-bust, protect board assets, delete, and restore inherit mode
  -  267 [firefox] › tests/e2e/assets-themes-phase2.spec.ts:171:7 › phase 2 assets, favicons, banners, and themes › custom themes create, edit, delete, and clear default references safely
  -  268 [firefox] › tests/e2e/audit-surfaces.spec.ts:19:7 › browser-reachable audit surfaces › home, preferences, theme fallback, and narrow layout are reachable
  -  269 [firefox] › tests/e2e/audit-surfaces.spec.ts:61:7 › browser-reachable audit surfaces › poll creation, voting, catalog controls, and hidden-thread views work through browser paths
  -  270 [firefox] › tests/e2e/audit-surfaces.spec.ts:121:7 › browser-reachable audit surfaces › public report controls work with JavaScript and expose a no-JS fallback
  -  271 [firefox] › tests/e2e/audit-surfaces.spec.ts:153:7 › browser-reachable audit surfaces › admin-authenticated and unauthenticated browser states expose expected security controls
  -  272 [firefox] › tests/e2e/audit-surfaces.spec.ts:177:7 › browser-reachable audit surfaces › new activity badges are browser-visible and clear after visiting the target thread
  ✓  273 [firefox] › tests/e2e/auth-admin.spec.ts:22:7 › first run and admin authentication › fresh runtime creates exe-local structure and reports missing admin without leaking secrets (2.6s)
  ✓  274 [firefox] › tests/e2e/auth-admin.spec.ts:61:7 › first run and admin authentication › invalid settings fail closed without leaking configured secrets (3.4s)
  ✓  261 [firefox] › tests/e2e/admin-polish.spec.ts:20:7 › admin panel and moderation UI polish › admin login, panel sections, settings forms, and moderation queues stay usable (13.1s)
  ✓  275 [firefox] › tests/e2e/auth-admin.spec.ts:98:7 › first run and admin authentication › admin login, logout, stale back page, cookie attributes, and context isolation (3.0s)
  ✓  276 [firefox] › tests/e2e/auth-admin.spec.ts:140:7 › admin board management › creates, edits, protects against injection, persists, and deletes boards (3.3s)
  -  278 [firefox] › tests/e2e/auto-compress.spec.ts:27:7 › auto-compress oversized uploads › oversized image is compressed, accepted, served, and previewed
  -  279 [firefox] › tests/e2e/auto-compress.spec.ts:68:7 › auto-compress oversized uploads › oversized video is compressed, accepted, served, playable, and thumbnailed
  -  280 [firefox] › tests/e2e/auto-compress.spec.ts:113:7 › auto-compress oversized uploads › direct oversized upload without client compression rejects cleanly
  -  281 [firefox] › tests/e2e/auto-compress.spec.ts:148:7 › auto-compress oversized uploads › still-too-large browser compression fails without creating posts or staged files
  ✓  277 [firefox] › tests/e2e/auth-admin.spec.ts:184:7 › admin board management › rejects invalid, traversal-like, and duplicate board short names safely (1.9s)
  -  282 [firefox] › tests/e2e/board-settings-phase2.spec.ts:21:7 › phase 2 board settings depth › browser admin flow creates boards and persists deep settings across access modes
  -  283 [firefox] › tests/e2e/board-settings-phase2.spec.ts:183:7 › phase 2 board settings depth › invalid board inputs, upload caps, delete cleanup, and safe redirects fail closed
  -  285 [firefox] › tests/e2e/captcha.spec.ts:10:7 › CAPTCHA posting flow › renders image CAPTCHA and rejects bad answers in Chromium and WebKit
  -  286 [firefox] › tests/e2e/captcha.spec.ts:46:7 › CAPTCHA posting flow › no-JS users can reload for a fresh challenge and see server-rendered errors
  ✓  287 [firefox] › tests/e2e/csrf-navigation.spec.ts:17:7 › CSRF, Origin, Referer, and browser navigation regressions › forms include CSRF and missing or invalid CSRF is rejected for mutations (1.7s)
  ✓  284 [firefox] › tests/e2e/button-sizing.spec.ts:34:7 › public button and action-control sizing › public action controls stay consistently sized across scripted and no-JS controls (4.5s)
  ✓  288 [firefox] › tests/e2e/csrf-navigation.spec.ts:51:7 › CSRF, Origin, Referer, and browser navigation regressions › session-scoped admin CSRF cannot be reused across sessions or after logout (3.1s)
  ✓  289 [firefox] › tests/e2e/csrf-navigation.spec.ts:90:7 › CSRF, Origin, Referer, and browser navigation regressions › Origin, Referer, null Origin, loopback aliases, and GET mutations follow policy (1.6s)
  -  291 [firefox] › tests/e2e/firefox-nojs-public.spec.ts:22:7 › Firefox no-JS public regression › public browsing, anchors, quotes, posting validation, and readable errors are server-rendered
  -  292 [firefox] › tests/e2e/firefox-nojs-public.spec.ts:75:7 › Firefox no-JS public regression › own-post edit and delete fallbacks use ownership cookies and fail closed
  -  293 [firefox] › tests/e2e/firefox-nojs-public.spec.ts:130:7 › Firefox no-JS public regression › media upload, render, headers, disabled policy, size, and traversal checks work without JavaScript
  -  294 [firefox] › tests/e2e/firefox-nojs-public.spec.ts:197:7 › Firefox no-JS public regression › fixture-driven board/site toggles, password boards, thread states, and defaults stay public-only
  -  295 [firefox] › tests/e2e/firefox-nojs-public.spec.ts:283:7 › Firefox no-JS public regression › themes, no-JS preferences, activity read state, and degraded HTTP behavior are safe
  -  296 [firefox] › tests/e2e/maintenance-backup-phase2.spec.ts:15:7 › phase 2 admin maintenance and backup progress › DB check, repair status, progress polling, stale job protection, and concurrent maintenance blocking work through admin UI routes
  -  297 [firefox] › tests/e2e/maintenance-backup-phase2.spec.ts:74:7 › phase 2 admin maintenance and backup progress › backup create, progress JSON, saved row, download, corrupt restore failure, cleanup, and delete are safe
  -  298 [firefox] › tests/e2e/maintenance-backup-phase2.spec.ts:153:7 › phase 2 admin maintenance and backup progress › fault-injected repair failure and pre-repair backup failure remain manual e2e cases
  -  299 [firefox] › tests/e2e/media-toolchain.spec.ts:14:7 › real media toolchain › uploads use real thumbnails, transcodes, waveform previews, and PDF fallback safely
  ✓  300 [firefox] › tests/e2e/media.spec.ts:12:7 › media upload handling › image uploads render previews and disabled boards reject them safely (759ms)
  ✓  290 [firefox] › tests/e2e/csrf-navigation.spec.ts:137:7 › CSRF, Origin, Referer, and browser navigation regressions › back-forward and refresh around POST redirects do not duplicate mutations (2.8s)
  ✓  301 [firefox] › tests/e2e/media.spec.ts:51:7 › media upload handling › invalid, spoofed, oversized, and traversal-like media paths are rejected safely (2.3s)
  ✓  302 [firefox] › tests/e2e/media.spec.ts:84:7 › media upload handling › video, audio, PDF, and unusual filenames follow board media policy (3.3s)
  ✓  303 [firefox] › tests/e2e/mobile-nojs.spec.ts:14:7 › mobile responsive smoke › home, board, thread composer, media preview, admin login, and board edit are usable on mobile (3.4s)
  ✓  304 [firefox] › tests/e2e/mobile-nojs.spec.ts:43:7 › no-JS fallback › public navigation, thread creation, admin login, settings POST, and CSRF work without JavaScript (1.8s)
  -  305 [firefox] › tests/e2e/moderation-phase2.spec.ts:17:7 › phase 2 moderation, report, and ban lifecycle › JS report modal, duplicate reports, resolution, deletion, bans, appeals, and mod log are coherent
  -  306 [firefox] › tests/e2e/moderation-phase2.spec.ts:234:7 › phase 2 moderation, report, and ban lifecycle › no-JS report fallback posts through the plain form when JavaScript is disabled
  ✓  307 [firefox] › tests/e2e/password-boards.spec.ts:20:7 › password-protected boards › view-password boards require per-context unlock and resist back-forward bypasses (5.8s)
  ✓  308 [firefox] › tests/e2e/password-boards.spec.ts:70:7 › password-protected boards › post-password boards allow viewing but require password for threads and replies (6.0s)
  ✓  309 [firefox] › tests/e2e/password-boards.spec.ts:128:7 › password-protected boards › view-password boards do not leak protected content before unlock (3.0s)
  -  311 [firefox] › tests/e2e/password-boards.spec.ts:223:7 › password-protected boards › mobile WebKit persists board unlock over HTTP localhost when HTTPS cookies are configured
  -  312 [firefox] › tests/e2e/phase3-activity-cache.spec.ts:30:7 › phase 3 activity cache and browser restore behavior › activity cookies survive restart and BFCache restore does not resurrect cleared badges
  -  313 [firefox] › tests/e2e/phase3-activity-cache.spec.ts:90:7 › phase 3 activity cache and browser restore behavior › protected board activity cookies do not leak badges after the unlock cookie is removed
  -  314 [firefox] › tests/e2e/phase3-activity-cache.spec.ts:140:7 › phase 3 activity cache and browser restore behavior › Firefox no-JS activity badges clear through plain navigation
  -  315 [firefox] › tests/e2e/phase3-media-runtime.spec.ts:25:7 › phase 3 media viewer runtime behavior › image viewer expands, collapses, falls back for missing thumbs, and keeps long filename links usable
  -  316 [firefox] › tests/e2e/phase3-media-runtime.spec.ts:77:7 › phase 3 media viewer runtime behavior › video, audio, PDF, and pending media refresh render controls without pixel assertions
  -  317 [firefox] › tests/e2e/phase3-media-runtime.spec.ts:154:7 › phase 3 media viewer runtime behavior › Firefox no-JS users keep direct media links without the JS viewer
  ✓  310 [firefox] › tests/e2e/password-boards.spec.ts:193:7 › password-protected boards › password changes retire the old password and accept the new one (8.0s)
  -  319 [firefox] › tests/e2e/phase3-mobile-webkit-runtime.spec.ts:21:7 › phase 3 mobile WebKit runtime coverage › login, protected unlock, posting, own-post controls, media viewer, admin settings, and long pages stay usable
  -  320 [firefox] › tests/e2e/phase3-static-proxy-tor.spec.ts:19:7 › phase 3 static and runtime headers › static assets, dynamic pages, media, and missing assets use safe cache and framing headers
  -  321 [firefox] › tests/e2e/phase3-static-proxy-tor.spec.ts:88:7 › phase 3 proxy, public-host, and secure-cookie checks › trusted forwarded HTTPS sets secure admin cookies and HSTS only for configured public hosts
  -  322 [firefox] › tests/e2e/phase3-static-proxy-tor.spec.ts:167:7 › phase 3 proxy, public-host, and secure-cookie checks › local TLS listener, self-signed browser trust, and HTTP redirect host rejection remain opt-in
  -  323 [firefox] › tests/e2e/phase3-static-proxy-tor.spec.ts:177:7 › phase 3 Tor and onion UI checks › Tor-disabled runtime keeps home/admin layouts stable and hides Tor-key backup controls
  -  324 [firefox] › tests/e2e/phase3-static-proxy-tor.spec.ts:207:7 › phase 3 Tor and onion UI checks › active onion pill, copy behavior, Onion-Location, and already-onion suppression remain opt-in
  -  325 [firefox] › tests/e2e/phase4-accessibility-progressive.spec.ts:30:7 › phase 4 accessibility basics and progressive enhancement › home, board, catalog, thread, posting, preferences, and admin forms expose keyboardable named controls
  -  326 [firefox] › tests/e2e/phase4-accessibility-progressive.spec.ts:105:7 › phase 4 accessibility basics and progressive enhancement › report, edit, delete confirmation, preferences, and media controls close cleanly and restore focus
  -  327 [firefox] › tests/e2e/phase4-accessibility-progressive.spec.ts:166:7 › phase 4 accessibility basics and progressive enhancement › critical public flows remain usable without optional main JavaScript
  -  328 [firefox] › tests/e2e/phase4-empty-error-permission.spec.ts:34:7 › phase 4 empty, error, and permission states › standalone 404, 400-ish, 403, locked-board, and banned pages stay clear and safe
  -  329 [firefox] › tests/e2e/phase4-empty-error-permission.spec.ts:87:7 › phase 4 empty, error, and permission states › posting, invalid upload, locked or archived thread, deleted post or thread, and active ban errors stay safe
  -  330 [firefox] › tests/e2e/phase4-empty-error-permission.spec.ts:168:7 › phase 4 empty, error, and permission states › invalid admin forms and restore uploads fail closed with useful admin navigation
  -  331 [firefox] › tests/e2e/phase4-responsive-long-content.spec.ts:32:7 › phase 4 responsive and long-content stress › long board metadata, titles, posts, filenames, counters, and admin rows stay usable without overlap
  -  332 [firefox] › tests/e2e/phase4-stress-release-smoke.spec.ts:32:7 › phase 4 high-volume and release-smoke journeys › busy public, protected, admin, search, API, update, and pagination surfaces remain usable
  -  333 [firefox] › tests/e2e/phase4-stress-release-smoke.spec.ts:147:7 › phase 4 high-volume and release-smoke journeys › fresh runtime can become a usable site, moderate content, back up, and restore
  -  334 [firefox] › tests/e2e/phase4-stress-release-smoke.spec.ts:232:7 › phase 4 high-volume and release-smoke journeys › no-JS public posting, upload, own edit or delete, report, unlock, and moderation smoke works
  -  335 [firefox] › tests/e2e/phase4-theme-contrast.spec.ts:24:7 › phase 4 built-in theme and contrast polish › theme picker order, selected state, site default, board override, and inherit behavior stay stable
  -  336 [firefox] › tests/e2e/phase4-theme-contrast.spec.ts:93:7 › phase 4 built-in theme and contrast polish › built-in themes keep core public and admin states readable without console errors
  ✓  318 [firefox] › tests/e2e/phase3-media-runtime.spec.ts:181:7 › phase 3 downloads, range requests, and media headers › uploaded media headers, browser downloads, stale transcode redirects, and protected denials are safe (5.8s)
  ✓  337 [firefox] › tests/e2e/posting-thread.spec.ts:19:7 › logged-out navigation and posting › home, board, catalog, thread, assets, theme, and back-forward navigation are stable (1.1s)
  ✓  338 [firefox] › tests/e2e/posting-thread.spec.ts:50:7 › logged-out navigation and posting › thread creation, reply, escaping, quote-ish text, unicode, and refresh do not duplicate posts (1.1s)
  ✓  339 [firefox] › tests/e2e/posting-thread.spec.ts:68:7 › logged-out navigation and posting › empty, oversized, duplicate, invalid id, and stale-form posting errors stay safe (1.2s)
  ✓  340 [firefox] › tests/e2e/posting-thread.spec.ts:124:7 › logged-out navigation and posting › own edit modal and delete confirmation are limited to the posting browser context (3.3s)
  ✓  341 [firefox] › tests/e2e/posting-thread.spec.ts:169:7 › logged-out navigation and posting › own-post controls deny expired, replied, locked, archived, and deleted posts safely (4.1s)
  ✓  342 [firefox] › tests/e2e/settings.spec.ts:19:7 › settings, catalog, archive, search, and maintenance › site settings persist to settings.toml and survive restart (2.4s)
  ✓  343 [firefox] › tests/e2e/settings.spec.ts:43:7 › settings, catalog, archive, search, and maintenance › search and catalog handle unicode, punctuation, empty, long, and SQL-ish queries safely (1.0s)
  ✓  344 [firefox] › tests/e2e/settings.spec.ts:59:7 › settings, catalog, archive, search, and maintenance › bump/archive behavior and maintenance controls are admin-only and CSRF protected (5.2s)
(node:18794) Warning: The 'NO_COLOR' env is ignored due to the 'FORCE_COLOR' env being set.
(Use `node --trace-warnings ...` to show where the warning was created)
(node:18794) Warning: The 'NO_COLOR' env is ignored due to the 'FORCE_COLOR' env being set.
(Use `node --trace-warnings ...` to show where the warning was created)
  -  346 [mobile-firefox] › tests/e2e/activity-notifications.spec.ts:33:7 › new activity notification clearing audit › scripted projects › homepage, board, catalog, and thread badges clear after viewed in Chromium and mobile WebKit
  -  347 [mobile-firefox] › tests/e2e/activity-notifications.spec.ts:119:7 › new activity notification clearing audit › scripted projects › admin toggles keep homepage and thread badges independent
  -  348 [mobile-firefox] › tests/e2e/activity-notifications.spec.ts:174:7 › new activity notification clearing audit › Firefox no-JS project › server-rendered read state clears without JavaScript
  ✓  345 [firefox] › tests/e2e/settings.spec.ts:116:7 › settings, catalog, archive, search, and maintenance › thread sage, bump limits, sticky, lock, archive, and ban denials stay deterministic (6.0s)
(node:18849) Warning: The 'NO_COLOR' env is ignored due to the 'FORCE_COLOR' env being set.
(Use `node --trace-warnings ...` to show where the warning was created)
(node:18849) Warning: The 'NO_COLOR' env is ignored due to the 'FORCE_COLOR' env being set.
(Use `node --trace-warnings ...` to show where the warning was created)
  ✓  349 [mobile-firefox] › tests/e2e/backup-restore.spec.ts:107:7 › live backup and restore coverage › manual directory full backups restore complete site state into a fresh restarted runtime (19.9s)
  ✓  350 [mobile-firefox] › tests/e2e/backup-restore.spec.ts:135:7 › live backup and restore coverage › manual split full backups cover every exposed split-size option and require complete parts for restore (25.3s)
  ✓  351 [mobile-firefox] › tests/e2e/backup-restore.spec.ts:188:7 › live backup and restore coverage › saved board backups restore one board without replacing the rest of the site (13.0s)
  ✓  353 [mobile-firefox] › tests/e2e/backup-restore.spec.ts:255:7 › live backup and restore coverage › Tor hidden service keys are included, excluded, and restored only when explicitly requested (17.7s)
  ✓  354 [mobile-firefox] › tests/e2e/backup-restore.spec.ts:322:7 › live backup and restore coverage › restore rejects invalid archives and leaves the live site usable (6.2s)
  -  355 [mobile-firefox] › tests/e2e/console-headless.spec.ts:19:7 › terminal console / browser boundary › fresh headless startup keeps web setup available without terminal prompts
  -  356 [mobile-firefox] › tests/e2e/console-headless.spec.ts:38:7 › terminal console / browser boundary › CLI-seeded administration survives headless restart with readable logs
  -  357 [mobile-firefox] › tests/e2e/helpers-lifecycle.spec.ts:30:7 › RustChan fixture lifecycle › dispose removes temporary roots and supports explicit preservation
  -  358 [mobile-firefox] › tests/e2e/helpers-lifecycle.spec.ts:50:7 › RustChan fixture lifecycle › dispose stops a started process before removing its root
  ✓  359 [mobile-firefox] › tests/e2e/setup-wizard.spec.ts:86:7 › first-run setup wizard › fresh setup persists PDF/media limits and enforces PDF limit (4.3s)
  ✓  360 [mobile-firefox] › tests/e2e/setup-wizard.spec.ts:125:7 › first-run setup wizard › initialized instance cannot access setup routes (3.5s)
  ✓  361 [mobile-firefox] › tests/e2e/setup-wizard.spec.ts:143:7 › first-run setup wizard › admin can reopen setup and close it without changing settings (4.8s)
  ✓  362 [mobile-firefox] › tests/e2e/setup-wizard.spec.ts:168:7 › first-run setup wizard › reopened setup cannot replace existing admin credentials (4.8s)
  -  363 [mobile-firefox] › tests/e2e/setup-wizard.spec.ts:191:7 › first-run setup wizard › no-JS setup flow still works
  ✓  364 [mobile-firefox] › tests/e2e/setup-wizard.spec.ts:199:7 › first-run setup wizard › mobile wizard review and finish layout remains usable (3.8s)
  ✓  352 [mobile-firefox] › tests/e2e/backup-restore.spec.ts:224:7 › live backup and restore coverage › automated full backups write scheduled artifacts with the configured storage mode (1.1m)
  -  366 [mobile-firefox] › tests/e2e/tor-admin-onion-smoke.spec.ts:27:7 › Tor onion admin smoke (local opt-in) › admin login and same-origin checks work over plain onion HTTP
  -  367 [mobile-firefox] › tests/e2e/upload-regressions.spec.ts:95:3 › upload regressions (ignored by default) › posting UI accepts audio/MKV variants and keeps textarea resize disabled
  -  368 [mobile-firefox] › tests/e2e/upload-validation.spec.ts:222:1 › RustChan media upload validation matrix
(node:24916) Warning: The 'NO_COLOR' env is ignored due to the 'FORCE_COLOR' env being set.
(Use `node --trace-warnings ...` to show where the warning was created)
(node:24916) Warning: The 'NO_COLOR' env is ignored due to the 'FORCE_COLOR' env being set.
(Use `node --trace-warnings ...` to show where the warning was created)
submission-idempotency-races=[{"repetition":1,"threadStatuses":[303,303,303,303,303,303,303,303],"threadLocation":"/pub/thread/1#p1","threadPosts":1,"threadMappings":1,"replyStatuses":[303,303,303,303,303,303,303,303],"replyLocation":"/pub/thread/1#p2","replyPosts":1,"replyMappings":1,"replyCounter":1},{"repetition":2,"threadStatuses":[303,303,303,303,303,303,303,303],"threadLocation":"/pub/thread/1#p1","threadPosts":1,"threadMappings":1,"replyStatuses":[303,303,303,303,303,303,303,303],"replyLocation":"/pub/thread/1#p2","replyPosts":1,"replyMappings":1,"replyCounter":1},{"repetition":3,"threadStatuses":[303,303,303,303,303,303,303,303],"threadLocation":"/pub/thread/1#p1","threadPosts":1,"threadMappings":1,"replyStatuses":[303,303,303,303,303,303,303,303],"replyLocation":"/pub/thread/1#p2","replyPosts":1,"replyMappings":1,"replyCounter":1}]
  ✓  365 [mobile-firefox] › tests/e2e/submission-idempotency.spec.ts:28:5 › public submission tokens stay atomic across concurrent thread and reply requests (13.0s)
(node:25160) Warning: The 'NO_COLOR' env is ignored due to the 'FORCE_COLOR' env being set.
(Use `node --trace-warnings ...` to show where the warning was created)
(node:25160) Warning: The 'NO_COLOR' env is ignored due to the 'FORCE_COLOR' env being set.
(Use `node --trace-warnings ...` to show where the warning was created)
  -  370 [mobile-firefox] › tests/e2e/admin-ban-delete.spec.ts:90:7 › admin ban+delete confirmation flow › no-JS fallback still submits the original form with default moderation fields
  -  371 [mobile-firefox] › tests/e2e/admin-dashboard.spec.ts:14:7 › admin dashboard control center › desktop dashboard prioritizes current issues and task-oriented workflows
  ✓  369 [mobile-firefox] › tests/e2e/admin-ban-delete.spec.ts:17:7 › admin ban+delete confirmation flow › styled modal handles cancel, validation, focus, and safe reply submission (3.5s)
  -  373 [mobile-firefox] › tests/e2e/admin-dashboard.spec.ts:111:7 › admin dashboard control center › no-JS dashboard opens by default and its links reveal protected destinations
  -  374 [mobile-firefox] › tests/e2e/admin-dashboard.spec.ts:148:7 › admin dashboard control center › state pills retain readable text contrast across built-in themes
  -  375 [mobile-firefox] › tests/e2e/admin-dashboard.spec.ts:165:7 › admin dashboard control center › unauthenticated admin panel requests do not render the dashboard
  ✓  372 [mobile-firefox] › tests/e2e/admin-dashboard.spec.ts:83:7 › admin dashboard control center › mobile dashboard is visible, tappable, and contained at 390px and 320px (2.6s)
  ✓  377 [mobile-firefox] › tests/e2e/admin-polish.spec.ts:86:7 › admin panel and moderation UI polish › admin controls on public board, catalog, thread, and post surfaces stay grouped and tappable (4.5s)
  -  378 [mobile-firefox] › tests/e2e/admin-settings-phase2.spec.ts:14:7 › phase 2 admin settings save flows › site, media, backup, banner toggles, invalid values, and TOML writeback stay deterministic
  -  379 [mobile-firefox] › tests/e2e/admin-settings-phase2.spec.ts:144:7 › phase 2 admin settings save flows › admin settings mutations are admin-only and CSRF-protected
  -  380 [mobile-firefox] › tests/e2e/assets-themes-phase2.spec.ts:19:7 › phase 2 assets, favicons, banners, and themes › global and board favicons upload, replace, cache, protect, and clear without stale files
  -  381 [mobile-firefox] › tests/e2e/assets-themes-phase2.spec.ts:95:7 › phase 2 assets, favicons, banners, and themes › banners upload, reject invalid assets, cache-bust, protect board assets, delete, and restore inherit mode
  -  382 [mobile-firefox] › tests/e2e/assets-themes-phase2.spec.ts:171:7 › phase 2 assets, favicons, banners, and themes › custom themes create, edit, delete, and clear default references safely
  -  383 [mobile-firefox] › tests/e2e/audit-surfaces.spec.ts:19:7 › browser-reachable audit surfaces › home, preferences, theme fallback, and narrow layout are reachable
  -  384 [mobile-firefox] › tests/e2e/audit-surfaces.spec.ts:61:7 › browser-reachable audit surfaces › poll creation, voting, catalog controls, and hidden-thread views work through browser paths
  -  385 [mobile-firefox] › tests/e2e/audit-surfaces.spec.ts:121:7 › browser-reachable audit surfaces › public report controls work with JavaScript and expose a no-JS fallback
  -  386 [mobile-firefox] › tests/e2e/audit-surfaces.spec.ts:153:7 › browser-reachable audit surfaces › admin-authenticated and unauthenticated browser states expose expected security controls
  -  387 [mobile-firefox] › tests/e2e/audit-surfaces.spec.ts:177:7 › browser-reachable audit surfaces › new activity badges are browser-visible and clear after visiting the target thread
  ✓  388 [mobile-firefox] › tests/e2e/auth-admin.spec.ts:22:7 › first run and admin authentication › fresh runtime creates exe-local structure and reports missing admin without leaking secrets (2.6s)
  ✓  389 [mobile-firefox] › tests/e2e/auth-admin.spec.ts:61:7 › first run and admin authentication › invalid settings fail closed without leaking configured secrets (3.4s)
  ✓  376 [mobile-firefox] › tests/e2e/admin-polish.spec.ts:20:7 › admin panel and moderation UI polish › admin login, panel sections, settings forms, and moderation queues stay usable (13.1s)
  ✓  390 [mobile-firefox] › tests/e2e/auth-admin.spec.ts:98:7 › first run and admin authentication › admin login, logout, stale back page, cookie attributes, and context isolation (3.0s)
  ✓  391 [mobile-firefox] › tests/e2e/auth-admin.spec.ts:140:7 › admin board management › creates, edits, protects against injection, persists, and deletes boards (3.2s)
  -  393 [mobile-firefox] › tests/e2e/auto-compress.spec.ts:27:7 › auto-compress oversized uploads › oversized image is compressed, accepted, served, and previewed
  -  394 [mobile-firefox] › tests/e2e/auto-compress.spec.ts:68:7 › auto-compress oversized uploads › oversized video is compressed, accepted, served, playable, and thumbnailed
  -  395 [mobile-firefox] › tests/e2e/auto-compress.spec.ts:113:7 › auto-compress oversized uploads › direct oversized upload without client compression rejects cleanly
  -  396 [mobile-firefox] › tests/e2e/auto-compress.spec.ts:148:7 › auto-compress oversized uploads › still-too-large browser compression fails without creating posts or staged files
  -  397 [mobile-firefox] › tests/e2e/board-settings-phase2.spec.ts:21:7 › phase 2 board settings depth › browser admin flow creates boards and persists deep settings across access modes
  -  398 [mobile-firefox] › tests/e2e/board-settings-phase2.spec.ts:183:7 › phase 2 board settings depth › invalid board inputs, upload caps, delete cleanup, and safe redirects fail closed
  ✓  392 [mobile-firefox] › tests/e2e/auth-admin.spec.ts:184:7 › admin board management › rejects invalid, traversal-like, and duplicate board short names safely (2.0s)
  -  400 [mobile-firefox] › tests/e2e/captcha.spec.ts:10:7 › CAPTCHA posting flow › renders image CAPTCHA and rejects bad answers in Chromium and WebKit
  -  401 [mobile-firefox] › tests/e2e/captcha.spec.ts:46:7 › CAPTCHA posting flow › no-JS users can reload for a fresh challenge and see server-rendered errors
  ✓  402 [mobile-firefox] › tests/e2e/csrf-navigation.spec.ts:17:7 › CSRF, Origin, Referer, and browser navigation regressions › forms include CSRF and missing or invalid CSRF is rejected for mutations (1.8s)
  ✓  399 [mobile-firefox] › tests/e2e/button-sizing.spec.ts:34:7 › public button and action-control sizing › public action controls stay consistently sized across scripted and no-JS controls (4.8s)
  ✓  403 [mobile-firefox] › tests/e2e/csrf-navigation.spec.ts:51:7 › CSRF, Origin, Referer, and browser navigation regressions › session-scoped admin CSRF cannot be reused across sessions or after logout (3.1s)
  ✓  404 [mobile-firefox] › tests/e2e/csrf-navigation.spec.ts:90:7 › CSRF, Origin, Referer, and browser navigation regressions › Origin, Referer, null Origin, loopback aliases, and GET mutations follow policy (1.6s)
  -  406 [mobile-firefox] › tests/e2e/firefox-nojs-public.spec.ts:22:7 › Firefox no-JS public regression › public browsing, anchors, quotes, posting validation, and readable errors are server-rendered
  -  407 [mobile-firefox] › tests/e2e/firefox-nojs-public.spec.ts:75:7 › Firefox no-JS public regression › own-post edit and delete fallbacks use ownership cookies and fail closed
  -  408 [mobile-firefox] › tests/e2e/firefox-nojs-public.spec.ts:130:7 › Firefox no-JS public regression › media upload, render, headers, disabled policy, size, and traversal checks work without JavaScript
  -  409 [mobile-firefox] › tests/e2e/firefox-nojs-public.spec.ts:197:7 › Firefox no-JS public regression › fixture-driven board/site toggles, password boards, thread states, and defaults stay public-only
  -  410 [mobile-firefox] › tests/e2e/firefox-nojs-public.spec.ts:283:7 › Firefox no-JS public regression › themes, no-JS preferences, activity read state, and degraded HTTP behavior are safe
  -  411 [mobile-firefox] › tests/e2e/maintenance-backup-phase2.spec.ts:15:7 › phase 2 admin maintenance and backup progress › DB check, repair status, progress polling, stale job protection, and concurrent maintenance blocking work through admin UI routes
  -  412 [mobile-firefox] › tests/e2e/maintenance-backup-phase2.spec.ts:74:7 › phase 2 admin maintenance and backup progress › backup create, progress JSON, saved row, download, corrupt restore failure, cleanup, and delete are safe
  -  413 [mobile-firefox] › tests/e2e/maintenance-backup-phase2.spec.ts:153:7 › phase 2 admin maintenance and backup progress › fault-injected repair failure and pre-repair backup failure remain manual e2e cases
  -  414 [mobile-firefox] › tests/e2e/media-toolchain.spec.ts:14:7 › real media toolchain › uploads use real thumbnails, transcodes, waveform previews, and PDF fallback safely
  ✓  415 [mobile-firefox] › tests/e2e/media.spec.ts:12:7 › media upload handling › image uploads render previews and disabled boards reject them safely (1.5s)
  ✓  405 [mobile-firefox] › tests/e2e/csrf-navigation.spec.ts:137:7 › CSRF, Origin, Referer, and browser navigation regressions › back-forward and refresh around POST redirects do not duplicate mutations (3.6s)
  ✓  416 [mobile-firefox] › tests/e2e/media.spec.ts:51:7 › media upload handling › invalid, spoofed, oversized, and traversal-like media paths are rejected safely (2.2s)
  ✓  418 [mobile-firefox] › tests/e2e/mobile-nojs.spec.ts:14:7 › mobile responsive smoke › home, board, thread composer, media preview, admin login, and board edit are usable on mobile (3.5s)
  ✓  417 [mobile-firefox] › tests/e2e/media.spec.ts:84:7 › media upload handling › video, audio, PDF, and unusual filenames follow board media policy (5.4s)
  -  420 [mobile-firefox] › tests/e2e/moderation-phase2.spec.ts:17:7 › phase 2 moderation, report, and ban lifecycle › JS report modal, duplicate reports, resolution, deletion, bans, appeals, and mod log are coherent
  -  421 [mobile-firefox] › tests/e2e/moderation-phase2.spec.ts:234:7 › phase 2 moderation, report, and ban lifecycle › no-JS report fallback posts through the plain form when JavaScript is disabled
  ✓  419 [mobile-firefox] › tests/e2e/mobile-nojs.spec.ts:43:7 › no-JS fallback › public navigation, thread creation, admin login, settings POST, and CSRF work without JavaScript (1.9s)
  ✓  422 [mobile-firefox] › tests/e2e/password-boards.spec.ts:20:7 › password-protected boards › view-password boards require per-context unlock and resist back-forward bypasses (6.0s)
  ✓  423 [mobile-firefox] › tests/e2e/password-boards.spec.ts:70:7 › password-protected boards › post-password boards allow viewing but require password for threads and replies (5.8s)
  ✓  424 [mobile-firefox] › tests/e2e/password-boards.spec.ts:128:7 › password-protected boards › view-password boards do not leak protected content before unlock (2.9s)
  -  426 [mobile-firefox] › tests/e2e/password-boards.spec.ts:223:7 › password-protected boards › mobile WebKit persists board unlock over HTTP localhost when HTTPS cookies are configured
  -  427 [mobile-firefox] › tests/e2e/phase3-activity-cache.spec.ts:30:7 › phase 3 activity cache and browser restore behavior › activity cookies survive restart and BFCache restore does not resurrect cleared badges
  -  428 [mobile-firefox] › tests/e2e/phase3-activity-cache.spec.ts:90:7 › phase 3 activity cache and browser restore behavior › protected board activity cookies do not leak badges after the unlock cookie is removed
  -  429 [mobile-firefox] › tests/e2e/phase3-activity-cache.spec.ts:140:7 › phase 3 activity cache and browser restore behavior › Firefox no-JS activity badges clear through plain navigation
  -  430 [mobile-firefox] › tests/e2e/phase3-media-runtime.spec.ts:25:7 › phase 3 media viewer runtime behavior › image viewer expands, collapses, falls back for missing thumbs, and keeps long filename links usable
  -  431 [mobile-firefox] › tests/e2e/phase3-media-runtime.spec.ts:77:7 › phase 3 media viewer runtime behavior › video, audio, PDF, and pending media refresh render controls without pixel assertions
  -  432 [mobile-firefox] › tests/e2e/phase3-media-runtime.spec.ts:154:7 › phase 3 media viewer runtime behavior › Firefox no-JS users keep direct media links without the JS viewer
  -  433 [mobile-firefox] › tests/e2e/phase3-media-runtime.spec.ts:181:7 › phase 3 downloads, range requests, and media headers › uploaded media headers, browser downloads, stale transcode redirects, and protected denials are safe
  -  434 [mobile-firefox] › tests/e2e/phase3-mobile-webkit-runtime.spec.ts:21:7 › phase 3 mobile WebKit runtime coverage › login, protected unlock, posting, own-post controls, media viewer, admin settings, and long pages stay usable
  -  435 [mobile-firefox] › tests/e2e/phase3-static-proxy-tor.spec.ts:19:7 › phase 3 static and runtime headers › static assets, dynamic pages, media, and missing assets use safe cache and framing headers
  -  436 [mobile-firefox] › tests/e2e/phase3-static-proxy-tor.spec.ts:88:7 › phase 3 proxy, public-host, and secure-cookie checks › trusted forwarded HTTPS sets secure admin cookies and HSTS only for configured public hosts
  -  437 [mobile-firefox] › tests/e2e/phase3-static-proxy-tor.spec.ts:167:7 › phase 3 proxy, public-host, and secure-cookie checks › local TLS listener, self-signed browser trust, and HTTP redirect host rejection remain opt-in
  -  438 [mobile-firefox] › tests/e2e/phase3-static-proxy-tor.spec.ts:177:7 › phase 3 Tor and onion UI checks › Tor-disabled runtime keeps home/admin layouts stable and hides Tor-key backup controls
  -  439 [mobile-firefox] › tests/e2e/phase3-static-proxy-tor.spec.ts:207:7 › phase 3 Tor and onion UI checks › active onion pill, copy behavior, Onion-Location, and already-onion suppression remain opt-in
  -  440 [mobile-firefox] › tests/e2e/phase4-accessibility-progressive.spec.ts:30:7 › phase 4 accessibility basics and progressive enhancement › home, board, catalog, thread, posting, preferences, and admin forms expose keyboardable named controls
  -  441 [mobile-firefox] › tests/e2e/phase4-accessibility-progressive.spec.ts:105:7 › phase 4 accessibility basics and progressive enhancement › report, edit, delete confirmation, preferences, and media controls close cleanly and restore focus
  -  442 [mobile-firefox] › tests/e2e/phase4-accessibility-progressive.spec.ts:166:7 › phase 4 accessibility basics and progressive enhancement › critical public flows remain usable without optional main JavaScript
  -  443 [mobile-firefox] › tests/e2e/phase4-empty-error-permission.spec.ts:34:7 › phase 4 empty, error, and permission states › standalone 404, 400-ish, 403, locked-board, and banned pages stay clear and safe
  -  444 [mobile-firefox] › tests/e2e/phase4-empty-error-permission.spec.ts:87:7 › phase 4 empty, error, and permission states › posting, invalid upload, locked or archived thread, deleted post or thread, and active ban errors stay safe
  -  445 [mobile-firefox] › tests/e2e/phase4-empty-error-permission.spec.ts:168:7 › phase 4 empty, error, and permission states › invalid admin forms and restore uploads fail closed with useful admin navigation
  -  446 [mobile-firefox] › tests/e2e/phase4-responsive-long-content.spec.ts:32:7 › phase 4 responsive and long-content stress › long board metadata, titles, posts, filenames, counters, and admin rows stay usable without overlap
  -  447 [mobile-firefox] › tests/e2e/phase4-stress-release-smoke.spec.ts:32:7 › phase 4 high-volume and release-smoke journeys › busy public, protected, admin, search, API, update, and pagination surfaces remain usable
  -  448 [mobile-firefox] › tests/e2e/phase4-stress-release-smoke.spec.ts:147:7 › phase 4 high-volume and release-smoke journeys › fresh runtime can become a usable site, moderate content, back up, and restore
  -  449 [mobile-firefox] › tests/e2e/phase4-stress-release-smoke.spec.ts:232:7 › phase 4 high-volume and release-smoke journeys › no-JS public posting, upload, own edit or delete, report, unlock, and moderation smoke works
  -  450 [mobile-firefox] › tests/e2e/phase4-theme-contrast.spec.ts:24:7 › phase 4 built-in theme and contrast polish › theme picker order, selected state, site default, board override, and inherit behavior stay stable
  -  451 [mobile-firefox] › tests/e2e/phase4-theme-contrast.spec.ts:93:7 › phase 4 built-in theme and contrast polish › built-in themes keep core public and admin states readable without console errors
  ✓  452 [mobile-firefox] › tests/e2e/posting-thread.spec.ts:19:7 › logged-out navigation and posting › home, board, catalog, thread, assets, theme, and back-forward navigation are stable (1.9s)
  ✓  425 [mobile-firefox] › tests/e2e/password-boards.spec.ts:193:7 › password-protected boards › password changes retire the old password and accept the new one (8.1s)
  ✓  453 [mobile-firefox] › tests/e2e/posting-thread.spec.ts:50:7 › logged-out navigation and posting › thread creation, reply, escaping, quote-ish text, unicode, and refresh do not duplicate posts (1.4s)
  ✓  454 [mobile-firefox] › tests/e2e/posting-thread.spec.ts:68:7 › logged-out navigation and posting › empty, oversized, duplicate, invalid id, and stale-form posting errors stay safe (1.1s)
  ✓  455 [mobile-firefox] › tests/e2e/posting-thread.spec.ts:124:7 › logged-out navigation and posting › own edit modal and delete confirmation are limited to the posting browser context (4.5s)
  ✓  457 [mobile-firefox] › tests/e2e/settings.spec.ts:19:7 › settings, catalog, archive, search, and maintenance › site settings persist to settings.toml and survive restart (2.1s)
  ✓  456 [mobile-firefox] › tests/e2e/posting-thread.spec.ts:169:7 › logged-out navigation and posting › own-post controls deny expired, replied, locked, archived, and deleted posts safely (6.1s)
  ✓  458 [mobile-firefox] › tests/e2e/settings.spec.ts:43:7 › settings, catalog, archive, search, and maintenance › search and catalog handle unicode, punctuation, empty, long, and SQL-ish queries safely (1.4s)
  ✓  459 [mobile-firefox] › tests/e2e/settings.spec.ts:59:7 › settings, catalog, archive, search, and maintenance › bump/archive behavior and maintenance controls are admin-only and CSRF protected (5.0s)
(node:27320) Warning: The 'NO_COLOR' env is ignored due to the 'FORCE_COLOR' env being set.
(Use `node --trace-warnings ...` to show where the warning was created)
(node:27320) Warning: The 'NO_COLOR' env is ignored due to the 'FORCE_COLOR' env being set.
(Use `node --trace-warnings ...` to show where the warning was created)
  ✓  460 [mobile-firefox] › tests/e2e/settings.spec.ts:116:7 › settings, catalog, archive, search, and maintenance › thread sage, bump limits, sticky, lock, archive, and ban denials stay deterministic (6.9s)
(node:27378) Warning: The 'NO_COLOR' env is ignored due to the 'FORCE_COLOR' env being set.
(Use `node --trace-warnings ...` to show where the warning was created)
(node:27378) Warning: The 'NO_COLOR' env is ignored due to the 'FORCE_COLOR' env being set.
(Use `node --trace-warnings ...` to show where the warning was created)
  ✓  461 [mobile-webkit] › tests/e2e/activity-notifications.spec.ts:33:7 › new activity notification clearing audit › scripted projects › homepage, board, catalog, and thread badges clear after viewed in Chromium and mobile WebKit (5.1s)
  -  463 [mobile-webkit] › tests/e2e/activity-notifications.spec.ts:174:7 › new activity notification clearing audit › Firefox no-JS project › server-rendered read state clears without JavaScript
  ✓  462 [mobile-webkit] › tests/e2e/activity-notifications.spec.ts:119:7 › new activity notification clearing audit › scripted projects › admin toggles keep homepage and thread badges independent (5.4s)
  ✓  464 [mobile-webkit] › tests/e2e/backup-restore.spec.ts:107:7 › live backup and restore coverage › manual directory full backups restore complete site state into a fresh restarted runtime (16.7s)
  ✓  465 [mobile-webkit] › tests/e2e/backup-restore.spec.ts:135:7 › live backup and restore coverage › manual split full backups cover every exposed split-size option and require complete parts for restore (21.3s)
  ✓  466 [mobile-webkit] › tests/e2e/backup-restore.spec.ts:188:7 › live backup and restore coverage › saved board backups restore one board without replacing the rest of the site (12.3s)
  ✓  468 [mobile-webkit] › tests/e2e/backup-restore.spec.ts:255:7 › live backup and restore coverage › Tor hidden service keys are included, excluded, and restored only when explicitly requested (16.1s)
  ✓  469 [mobile-webkit] › tests/e2e/backup-restore.spec.ts:322:7 › live backup and restore coverage › restore rejects invalid archives and leaves the live site usable (5.7s)
  -  470 [mobile-webkit] › tests/e2e/console-headless.spec.ts:19:7 › terminal console / browser boundary › fresh headless startup keeps web setup available without terminal prompts
  -  471 [mobile-webkit] › tests/e2e/console-headless.spec.ts:38:7 › terminal console / browser boundary › CLI-seeded administration survives headless restart with readable logs
  -  472 [mobile-webkit] › tests/e2e/helpers-lifecycle.spec.ts:30:7 › RustChan fixture lifecycle › dispose removes temporary roots and supports explicit preservation
  -  473 [mobile-webkit] › tests/e2e/helpers-lifecycle.spec.ts:50:7 › RustChan fixture lifecycle › dispose stops a started process before removing its root
  ✓  474 [mobile-webkit] › tests/e2e/setup-wizard.spec.ts:86:7 › first-run setup wizard › fresh setup persists PDF/media limits and enforces PDF limit (4.6s)
  ✓  475 [mobile-webkit] › tests/e2e/setup-wizard.spec.ts:125:7 › first-run setup wizard › initialized instance cannot access setup routes (3.7s)
  ✓  476 [mobile-webkit] › tests/e2e/setup-wizard.spec.ts:143:7 › first-run setup wizard › admin can reopen setup and close it without changing settings (5.0s)
  ✓  477 [mobile-webkit] › tests/e2e/setup-wizard.spec.ts:168:7 › first-run setup wizard › reopened setup cannot replace existing admin credentials (5.0s)
  -  478 [mobile-webkit] › tests/e2e/setup-wizard.spec.ts:191:7 › first-run setup wizard › no-JS setup flow still works
  ✓  479 [mobile-webkit] › tests/e2e/setup-wizard.spec.ts:199:7 › first-run setup wizard › mobile wizard review and finish layout remains usable (4.0s)
submission-idempotency-races=[{"repetition":1,"threadStatuses":[303,303,303,303,303,303,303,303],"threadLocation":"/pub/thread/1#p1","threadPosts":1,"threadMappings":1,"replyStatuses":[303,303,303,303,303,303,303,303],"replyLocation":"/pub/thread/1#p2","replyPosts":1,"replyMappings":1,"replyCounter":1},{"repetition":2,"threadStatuses":[303,303,303,303,303,303,303,303],"threadLocation":"/pub/thread/1#p1","threadPosts":1,"threadMappings":1,"replyStatuses":[303,303,303,303,303,303,303,303],"replyLocation":"/pub/thread/1#p2","replyPosts":1,"replyMappings":1,"replyCounter":1},{"repetition":3,"threadStatuses":[303,303,303,303,303,303,303,303],"threadLocation":"/pub/thread/1#p1","threadPosts":1,"threadMappings":1,"replyStatuses":[303,303,303,303,303,303,303,303],"replyLocation":"/pub/thread/1#p2","replyPosts":1,"replyMappings":1,"replyCounter":1}]
  ✓  480 [mobile-webkit] › tests/e2e/submission-idempotency.spec.ts:28:5 › public submission tokens stay atomic across concurrent thread and reply requests (14.0s)
  -  481 [mobile-webkit] › tests/e2e/tor-admin-onion-smoke.spec.ts:27:7 › Tor onion admin smoke (local opt-in) › admin login and same-origin checks work over plain onion HTTP
  -  482 [mobile-webkit] › tests/e2e/upload-regressions.spec.ts:95:3 › upload regressions (ignored by default) › posting UI accepts audio/MKV variants and keeps textarea resize disabled
  ✓  467 [mobile-webkit] › tests/e2e/backup-restore.spec.ts:224:7 › live backup and restore coverage › automated full backups write scheduled artifacts with the configured storage mode (1.1m)
(node:34383) Warning: The 'NO_COLOR' env is ignored due to the 'FORCE_COLOR' env being set.
(Use `node --trace-warnings ...` to show where the warning was created)
(node:34383) Warning: The 'NO_COLOR' env is ignored due to the 'FORCE_COLOR' env being set.
(Use `node --trace-warnings ...` to show where the warning was created)
  ✓  484 [mobile-webkit] › tests/e2e/admin-ban-delete.spec.ts:17:7 › admin ban+delete confirmation flow › styled modal handles cancel, validation, focus, and safe reply submission (3.0s)
  -  485 [mobile-webkit] › tests/e2e/admin-ban-delete.spec.ts:90:7 › admin ban+delete confirmation flow › no-JS fallback still submits the original form with default moderation fields
  -  486 [mobile-webkit] › tests/e2e/admin-dashboard.spec.ts:14:7 › admin dashboard control center › desktop dashboard prioritizes current issues and task-oriented workflows
  -  487 [mobile-webkit] › tests/e2e/admin-dashboard.spec.ts:83:7 › admin dashboard control center › mobile dashboard is visible, tappable, and contained at 390px and 320px
  -  488 [mobile-webkit] › tests/e2e/admin-dashboard.spec.ts:111:7 › admin dashboard control center › no-JS dashboard opens by default and its links reveal protected destinations
  -  489 [mobile-webkit] › tests/e2e/admin-dashboard.spec.ts:148:7 › admin dashboard control center › state pills retain readable text contrast across built-in themes
  -  490 [mobile-webkit] › tests/e2e/admin-dashboard.spec.ts:165:7 › admin dashboard control center › unauthenticated admin panel requests do not render the dashboard
  ✓  491 [mobile-webkit] › tests/e2e/admin-polish.spec.ts:20:7 › admin panel and moderation UI polish › admin login, panel sections, settings forms, and moderation queues stay usable (9.9s)
  ✓  492 [mobile-webkit] › tests/e2e/admin-polish.spec.ts:86:7 › admin panel and moderation UI polish › admin controls on public board, catalog, thread, and post surfaces stay grouped and tappable (3.9s)
  -  493 [mobile-webkit] › tests/e2e/admin-settings-phase2.spec.ts:14:7 › phase 2 admin settings save flows › site, media, backup, banner toggles, invalid values, and TOML writeback stay deterministic
  -  494 [mobile-webkit] › tests/e2e/admin-settings-phase2.spec.ts:144:7 › phase 2 admin settings save flows › admin settings mutations are admin-only and CSRF-protected
  -  495 [mobile-webkit] › tests/e2e/assets-themes-phase2.spec.ts:19:7 › phase 2 assets, favicons, banners, and themes › global and board favicons upload, replace, cache, protect, and clear without stale files
  -  496 [mobile-webkit] › tests/e2e/assets-themes-phase2.spec.ts:95:7 › phase 2 assets, favicons, banners, and themes › banners upload, reject invalid assets, cache-bust, protect board assets, delete, and restore inherit mode
  -  497 [mobile-webkit] › tests/e2e/assets-themes-phase2.spec.ts:171:7 › phase 2 assets, favicons, banners, and themes › custom themes create, edit, delete, and clear default references safely
  -  498 [mobile-webkit] › tests/e2e/audit-surfaces.spec.ts:19:7 › browser-reachable audit surfaces › home, preferences, theme fallback, and narrow layout are reachable
  -  499 [mobile-webkit] › tests/e2e/audit-surfaces.spec.ts:61:7 › browser-reachable audit surfaces › poll creation, voting, catalog controls, and hidden-thread views work through browser paths
  -  500 [mobile-webkit] › tests/e2e/audit-surfaces.spec.ts:121:7 › browser-reachable audit surfaces › public report controls work with JavaScript and expose a no-JS fallback
  -  501 [mobile-webkit] › tests/e2e/audit-surfaces.spec.ts:153:7 › browser-reachable audit surfaces › admin-authenticated and unauthenticated browser states expose expected security controls
  -  502 [mobile-webkit] › tests/e2e/audit-surfaces.spec.ts:177:7 › browser-reachable audit surfaces › new activity badges are browser-visible and clear after visiting the target thread
  ✓  503 [mobile-webkit] › tests/e2e/auth-admin.spec.ts:22:7 › first run and admin authentication › fresh runtime creates exe-local structure and reports missing admin without leaking secrets (2.3s)
  ✓  483 [mobile-webkit] › tests/e2e/upload-validation.spec.ts:222:1 › RustChan media upload validation matrix (33.5s)
  ✓  504 [mobile-webkit] › tests/e2e/auth-admin.spec.ts:61:7 › first run and admin authentication › invalid settings fail closed without leaking configured secrets (3.4s)
(node:35350) Warning: The 'NO_COLOR' env is ignored due to the 'FORCE_COLOR' env being set.
(Use `node --trace-warnings ...` to show where the warning was created)
(node:35350) Warning: The 'NO_COLOR' env is ignored due to the 'FORCE_COLOR' env being set.
(Use `node --trace-warnings ...` to show where the warning was created)
  ✓  505 [mobile-webkit] › tests/e2e/auth-admin.spec.ts:140:7 › admin board management › creates, edits, protects against injection, persists, and deletes boards (3.3s)
  ✓  507 [mobile-webkit] › tests/e2e/auth-admin.spec.ts:184:7 › admin board management › rejects invalid, traversal-like, and duplicate board short names safely (2.1s)
  -  508 [mobile-webkit] › tests/e2e/auto-compress.spec.ts:27:7 › auto-compress oversized uploads › oversized image is compressed, accepted, served, and previewed
  -  509 [mobile-webkit] › tests/e2e/auto-compress.spec.ts:68:7 › auto-compress oversized uploads › oversized video is compressed, accepted, served, playable, and thumbnailed
  -  510 [mobile-webkit] › tests/e2e/auto-compress.spec.ts:113:7 › auto-compress oversized uploads › direct oversized upload without client compression rejects cleanly
  -  511 [mobile-webkit] › tests/e2e/auto-compress.spec.ts:148:7 › auto-compress oversized uploads › still-too-large browser compression fails without creating posts or staged files
  -  512 [mobile-webkit] › tests/e2e/board-settings-phase2.spec.ts:21:7 › phase 2 board settings depth › browser admin flow creates boards and persists deep settings across access modes
  -  513 [mobile-webkit] › tests/e2e/board-settings-phase2.spec.ts:183:7 › phase 2 board settings depth › invalid board inputs, upload caps, delete cleanup, and safe redirects fail closed
  ✓  506 [mobile-webkit] › tests/e2e/auth-admin.spec.ts:98:7 › first run and admin authentication › admin login, logout, stale back page, cookie attributes, and context isolation (3.5s)
  -  515 [mobile-webkit] › tests/e2e/captcha.spec.ts:10:7 › CAPTCHA posting flow › renders image CAPTCHA and rejects bad answers in Chromium and WebKit
  -  516 [mobile-webkit] › tests/e2e/captcha.spec.ts:46:7 › CAPTCHA posting flow › no-JS users can reload for a fresh challenge and see server-rendered errors
  ✓  517 [mobile-webkit] › tests/e2e/csrf-navigation.spec.ts:17:7 › CSRF, Origin, Referer, and browser navigation regressions › forms include CSRF and missing or invalid CSRF is rejected for mutations (2.0s)
  ✓  514 [mobile-webkit] › tests/e2e/button-sizing.spec.ts:34:7 › public button and action-control sizing › public action controls stay consistently sized across scripted and no-JS controls (5.0s)
  ✓  519 [mobile-webkit] › tests/e2e/csrf-navigation.spec.ts:90:7 › CSRF, Origin, Referer, and browser navigation regressions › Origin, Referer, null Origin, loopback aliases, and GET mutations follow policy (1.8s)
  ✓  518 [mobile-webkit] › tests/e2e/csrf-navigation.spec.ts:51:7 › CSRF, Origin, Referer, and browser navigation regressions › session-scoped admin CSRF cannot be reused across sessions or after logout (3.3s)
  -  521 [mobile-webkit] › tests/e2e/firefox-nojs-public.spec.ts:22:7 › Firefox no-JS public regression › public browsing, anchors, quotes, posting validation, and readable errors are server-rendered
  -  522 [mobile-webkit] › tests/e2e/firefox-nojs-public.spec.ts:75:7 › Firefox no-JS public regression › own-post edit and delete fallbacks use ownership cookies and fail closed
  -  523 [mobile-webkit] › tests/e2e/firefox-nojs-public.spec.ts:130:7 › Firefox no-JS public regression › media upload, render, headers, disabled policy, size, and traversal checks work without JavaScript
  -  524 [mobile-webkit] › tests/e2e/firefox-nojs-public.spec.ts:197:7 › Firefox no-JS public regression › fixture-driven board/site toggles, password boards, thread states, and defaults stay public-only
  -  525 [mobile-webkit] › tests/e2e/firefox-nojs-public.spec.ts:283:7 › Firefox no-JS public regression › themes, no-JS preferences, activity read state, and degraded HTTP behavior are safe
  -  526 [mobile-webkit] › tests/e2e/maintenance-backup-phase2.spec.ts:15:7 › phase 2 admin maintenance and backup progress › DB check, repair status, progress polling, stale job protection, and concurrent maintenance blocking work through admin UI routes
  -  527 [mobile-webkit] › tests/e2e/maintenance-backup-phase2.spec.ts:74:7 › phase 2 admin maintenance and backup progress › backup create, progress JSON, saved row, download, corrupt restore failure, cleanup, and delete are safe
  -  528 [mobile-webkit] › tests/e2e/maintenance-backup-phase2.spec.ts:153:7 › phase 2 admin maintenance and backup progress › fault-injected repair failure and pre-repair backup failure remain manual e2e cases
  -  529 [mobile-webkit] › tests/e2e/media-toolchain.spec.ts:14:7 › real media toolchain › uploads use real thumbnails, transcodes, waveform previews, and PDF fallback safely
  ✓  530 [mobile-webkit] › tests/e2e/media.spec.ts:12:7 › media upload handling › image uploads render previews and disabled boards reject them safely (1.1s)
  ✓  520 [mobile-webkit] › tests/e2e/csrf-navigation.spec.ts:137:7 › CSRF, Origin, Referer, and browser navigation regressions › back-forward and refresh around POST redirects do not duplicate mutations (3.0s)
  ✓  531 [mobile-webkit] › tests/e2e/media.spec.ts:51:7 › media upload handling › invalid, spoofed, oversized, and traversal-like media paths are rejected safely (2.4s)
  ✓  533 [mobile-webkit] › tests/e2e/mobile-nojs.spec.ts:14:7 › mobile responsive smoke › home, board, thread composer, media preview, admin login, and board edit are usable on mobile (2.7s)
  ✓  532 [mobile-webkit] › tests/e2e/media.spec.ts:84:7 › media upload handling › video, audio, PDF, and unusual filenames follow board media policy (4.2s)
  -  535 [mobile-webkit] › tests/e2e/moderation-phase2.spec.ts:17:7 › phase 2 moderation, report, and ban lifecycle › JS report modal, duplicate reports, resolution, deletion, bans, appeals, and mod log are coherent
  -  536 [mobile-webkit] › tests/e2e/moderation-phase2.spec.ts:234:7 › phase 2 moderation, report, and ban lifecycle › no-JS report fallback posts through the plain form when JavaScript is disabled
  ✓  534 [mobile-webkit] › tests/e2e/mobile-nojs.spec.ts:43:7 › no-JS fallback › public navigation, thread creation, admin login, settings POST, and CSRF work without JavaScript (1.8s)
  ✓  537 [mobile-webkit] › tests/e2e/password-boards.spec.ts:20:7 › password-protected boards › view-password boards require per-context unlock and resist back-forward bypasses (6.0s)
  ✓  538 [mobile-webkit] › tests/e2e/password-boards.spec.ts:70:7 › password-protected boards › post-password boards allow viewing but require password for threads and replies (5.9s)
  ✓  539 [mobile-webkit] › tests/e2e/password-boards.spec.ts:128:7 › password-protected boards › view-password boards do not leak protected content before unlock (3.3s)
  ✓  540 [mobile-webkit] › tests/e2e/password-boards.spec.ts:193:7 › password-protected boards › password changes retire the old password and accept the new one (8.0s)
  ✓  541 [mobile-webkit] › tests/e2e/password-boards.spec.ts:223:7 › password-protected boards › mobile WebKit persists board unlock over HTTP localhost when HTTPS cookies are configured (7.5s)
  -  543 [mobile-webkit] › tests/e2e/phase3-activity-cache.spec.ts:90:7 › phase 3 activity cache and browser restore behavior › protected board activity cookies do not leak badges after the unlock cookie is removed
  -  544 [mobile-webkit] › tests/e2e/phase3-activity-cache.spec.ts:140:7 › phase 3 activity cache and browser restore behavior › Firefox no-JS activity badges clear through plain navigation
  ✓  545 [mobile-webkit] › tests/e2e/phase3-media-runtime.spec.ts:25:7 › phase 3 media viewer runtime behavior › image viewer expands, collapses, falls back for missing thumbs, and keeps long filename links usable (1.1s)
  -  546 [mobile-webkit] › tests/e2e/phase3-media-runtime.spec.ts:77:7 › phase 3 media viewer runtime behavior › video, audio, PDF, and pending media refresh render controls without pixel assertions
  ✓  542 [mobile-webkit] › tests/e2e/phase3-activity-cache.spec.ts:30:7 › phase 3 activity cache and browser restore behavior › activity cookies survive restart and BFCache restore does not resurrect cleared badges (3.8s)
  -  547 [mobile-webkit] › tests/e2e/phase3-media-runtime.spec.ts:154:7 › phase 3 media viewer runtime behavior › Firefox no-JS users keep direct media links without the JS viewer
  -  548 [mobile-webkit] › tests/e2e/phase3-media-runtime.spec.ts:181:7 › phase 3 downloads, range requests, and media headers › uploaded media headers, browser downloads, stale transcode redirects, and protected denials are safe
  -  550 [mobile-webkit] › tests/e2e/phase3-static-proxy-tor.spec.ts:19:7 › phase 3 static and runtime headers › static assets, dynamic pages, media, and missing assets use safe cache and framing headers
  -  551 [mobile-webkit] › tests/e2e/phase3-static-proxy-tor.spec.ts:88:7 › phase 3 proxy, public-host, and secure-cookie checks › trusted forwarded HTTPS sets secure admin cookies and HSTS only for configured public hosts
  -  552 [mobile-webkit] › tests/e2e/phase3-static-proxy-tor.spec.ts:167:7 › phase 3 proxy, public-host, and secure-cookie checks › local TLS listener, self-signed browser trust, and HTTP redirect host rejection remain opt-in
  -  553 [mobile-webkit] › tests/e2e/phase3-static-proxy-tor.spec.ts:177:7 › phase 3 Tor and onion UI checks › Tor-disabled runtime keeps home/admin layouts stable and hides Tor-key backup controls
  -  554 [mobile-webkit] › tests/e2e/phase3-static-proxy-tor.spec.ts:207:7 › phase 3 Tor and onion UI checks › active onion pill, copy behavior, Onion-Location, and already-onion suppression remain opt-in
  ✓  555 [mobile-webkit] › tests/e2e/phase4-accessibility-progressive.spec.ts:30:7 › phase 4 accessibility basics and progressive enhancement › home, board, catalog, thread, posting, preferences, and admin forms expose keyboardable named controls (3.3s)
  ✓  556 [mobile-webkit] › tests/e2e/phase4-accessibility-progressive.spec.ts:105:7 › phase 4 accessibility basics and progressive enhancement › report, edit, delete confirmation, preferences, and media controls close cleanly and restore focus (1.3s)
  -  557 [mobile-webkit] › tests/e2e/phase4-accessibility-progressive.spec.ts:166:7 › phase 4 accessibility basics and progressive enhancement › critical public flows remain usable without optional main JavaScript
  ✓  549 [mobile-webkit] › tests/e2e/phase3-mobile-webkit-runtime.spec.ts:21:7 › phase 3 mobile WebKit runtime coverage › login, protected unlock, posting, own-post controls, media viewer, admin settings, and long pages stay usable (6.8s)
  ✓  558 [mobile-webkit] › tests/e2e/phase4-empty-error-permission.spec.ts:34:7 › phase 4 empty, error, and permission states › standalone 404, 400-ish, 403, locked-board, and banned pages stay clear and safe (3.8s)
  ✓  559 [mobile-webkit] › tests/e2e/phase4-empty-error-permission.spec.ts:87:7 › phase 4 empty, error, and permission states › posting, invalid upload, locked or archived thread, deleted post or thread, and active ban errors stay safe (4.1s)
  ✓  560 [mobile-webkit] › tests/e2e/phase4-empty-error-permission.spec.ts:168:7 › phase 4 empty, error, and permission states › invalid admin forms and restore uploads fail closed with useful admin navigation (1.9s)
  -  562 [mobile-webkit] › tests/e2e/phase4-stress-release-smoke.spec.ts:32:7 › phase 4 high-volume and release-smoke journeys › busy public, protected, admin, search, API, update, and pagination surfaces remain usable
  -  563 [mobile-webkit] › tests/e2e/phase4-stress-release-smoke.spec.ts:147:7 › phase 4 high-volume and release-smoke journeys › fresh runtime can become a usable site, moderate content, back up, and restore
  -  564 [mobile-webkit] › tests/e2e/phase4-stress-release-smoke.spec.ts:232:7 › phase 4 high-volume and release-smoke journeys › no-JS public posting, upload, own edit or delete, report, unlock, and moderation smoke works
  -  565 [mobile-webkit] › tests/e2e/phase4-theme-contrast.spec.ts:24:7 › phase 4 built-in theme and contrast polish › theme picker order, selected state, site default, board override, and inherit behavior stay stable
  -  566 [mobile-webkit] › tests/e2e/phase4-theme-contrast.spec.ts:93:7 › phase 4 built-in theme and contrast polish › built-in themes keep core public and admin states readable without console errors
  ✓  567 [mobile-webkit] › tests/e2e/posting-thread.spec.ts:19:7 › logged-out navigation and posting › home, board, catalog, thread, assets, theme, and back-forward navigation are stable (1.5s)
  ✓  568 [mobile-webkit] › tests/e2e/posting-thread.spec.ts:50:7 › logged-out navigation and posting › thread creation, reply, escaping, quote-ish text, unicode, and refresh do not duplicate posts (1.2s)
  ✓  569 [mobile-webkit] › tests/e2e/posting-thread.spec.ts:68:7 › logged-out navigation and posting › empty, oversized, duplicate, invalid id, and stale-form posting errors stay safe (1.4s)
  ✓  570 [mobile-webkit] › tests/e2e/posting-thread.spec.ts:124:7 › logged-out navigation and posting › own edit modal and delete confirmation are limited to the posting browser context (3.5s)
  ✓  561 [mobile-webkit] › tests/e2e/phase4-responsive-long-content.spec.ts:32:7 › phase 4 responsive and long-content stress › long board metadata, titles, posts, filenames, counters, and admin rows stay usable without overlap (11.4s)
  ✓  571 [mobile-webkit] › tests/e2e/posting-thread.spec.ts:169:7 › logged-out navigation and posting › own-post controls deny expired, replied, locked, archived, and deleted posts safely (4.6s)
  ✓  572 [mobile-webkit] › tests/e2e/settings.spec.ts:19:7 › settings, catalog, archive, search, and maintenance › site settings persist to settings.toml and survive restart (2.4s)
  ✓  573 [mobile-webkit] › tests/e2e/settings.spec.ts:43:7 › settings, catalog, archive, search, and maintenance › search and catalog handle unicode, punctuation, empty, long, and SQL-ish queries safely (1.3s)
  ✓  574 [mobile-webkit] › tests/e2e/settings.spec.ts:59:7 › settings, catalog, archive, search, and maintenance › bump/archive behavior and maintenance controls are admin-only and CSRF protected (5.0s)
(node:38937) Warning: The 'NO_COLOR' env is ignored due to the 'FORCE_COLOR' env being set.
(Use `node --trace-warnings ...` to show where the warning was created)
(node:38937) Warning: The 'NO_COLOR' env is ignored due to the 'FORCE_COLOR' env being set.
(Use `node --trace-warnings ...` to show where the warning was created)
  -  576 [firefox-nojs] › tests/e2e/activity-notifications.spec.ts:33:7 › new activity notification clearing audit › scripted projects › homepage, board, catalog, and thread badges clear after viewed in Chromium and mobile WebKit
  -  577 [firefox-nojs] › tests/e2e/activity-notifications.spec.ts:119:7 › new activity notification clearing audit › scripted projects › admin toggles keep homepage and thread badges independent
  ✓  575 [mobile-webkit] › tests/e2e/settings.spec.ts:116:7 › settings, catalog, archive, search, and maintenance › thread sage, bump limits, sticky, lock, archive, and ban denials stay deterministic (6.2s)
(node:39004) Warning: The 'NO_COLOR' env is ignored due to the 'FORCE_COLOR' env being set.
(Use `node --trace-warnings ...` to show where the warning was created)
(node:39004) Warning: The 'NO_COLOR' env is ignored due to the 'FORCE_COLOR' env being set.
(Use `node --trace-warnings ...` to show where the warning was created)
  ✓  578 [firefox-nojs] › tests/e2e/activity-notifications.spec.ts:174:7 › new activity notification clearing audit › Firefox no-JS project › server-rendered read state clears without JavaScript (5.2s)
  ✓  579 [firefox-nojs] › tests/e2e/backup-restore.spec.ts:107:7 › live backup and restore coverage › manual directory full backups restore complete site state into a fresh restarted runtime (17.8s)
  ✓  580 [firefox-nojs] › tests/e2e/backup-restore.spec.ts:135:7 › live backup and restore coverage › manual split full backups cover every exposed split-size option and require complete parts for restore (22.3s)
  ✓  581 [firefox-nojs] › tests/e2e/backup-restore.spec.ts:188:7 › live backup and restore coverage › saved board backups restore one board without replacing the rest of the site (11.6s)
  ✓  583 [firefox-nojs] › tests/e2e/backup-restore.spec.ts:255:7 › live backup and restore coverage › Tor hidden service keys are included, excluded, and restored only when explicitly requested (16.0s)
  ✓  584 [firefox-nojs] › tests/e2e/backup-restore.spec.ts:322:7 › live backup and restore coverage › restore rejects invalid archives and leaves the live site usable (5.4s)
  -  585 [firefox-nojs] › tests/e2e/console-headless.spec.ts:19:7 › terminal console / browser boundary › fresh headless startup keeps web setup available without terminal prompts
  -  586 [firefox-nojs] › tests/e2e/console-headless.spec.ts:38:7 › terminal console / browser boundary › CLI-seeded administration survives headless restart with readable logs
  -  587 [firefox-nojs] › tests/e2e/helpers-lifecycle.spec.ts:30:7 › RustChan fixture lifecycle › dispose removes temporary roots and supports explicit preservation
  -  588 [firefox-nojs] › tests/e2e/helpers-lifecycle.spec.ts:50:7 › RustChan fixture lifecycle › dispose stops a started process before removing its root
  ✓  589 [firefox-nojs] › tests/e2e/setup-wizard.spec.ts:86:7 › first-run setup wizard › fresh setup persists PDF/media limits and enforces PDF limit (3.6s)
  ✓  590 [firefox-nojs] › tests/e2e/setup-wizard.spec.ts:125:7 › first-run setup wizard › initialized instance cannot access setup routes (3.4s)
  ✓  591 [firefox-nojs] › tests/e2e/setup-wizard.spec.ts:143:7 › first-run setup wizard › admin can reopen setup and close it without changing settings (4.7s)
  ✓  592 [firefox-nojs] › tests/e2e/setup-wizard.spec.ts:168:7 › first-run setup wizard › reopened setup cannot replace existing admin credentials (4.7s)
  ✓  593 [firefox-nojs] › tests/e2e/setup-wizard.spec.ts:191:7 › first-run setup wizard › no-JS setup flow still works (3.8s)
  ✓  594 [firefox-nojs] › tests/e2e/setup-wizard.spec.ts:199:7 › first-run setup wizard › mobile wizard review and finish layout remains usable (3.7s)
submission-idempotency-races=[{"repetition":1,"threadStatuses":[303,303,303,303,303,303,303,303],"threadLocation":"/pub/thread/1#p1","threadPosts":1,"threadMappings":1,"replyStatuses":[303,303,303,303,303,303,303,303],"replyLocation":"/pub/thread/1#p2","replyPosts":1,"replyMappings":1,"replyCounter":1},{"repetition":2,"threadStatuses":[303,303,303,303,303,303,303,303],"threadLocation":"/pub/thread/1#p1","threadPosts":1,"threadMappings":1,"replyStatuses":[303,303,303,303,303,303,303,303],"replyLocation":"/pub/thread/1#p2","replyPosts":1,"replyMappings":1,"replyCounter":1},{"repetition":3,"threadStatuses":[303,303,303,303,303,303,303,303],"threadLocation":"/pub/thread/1#p1","threadPosts":1,"threadMappings":1,"replyStatuses":[303,303,303,303,303,303,303,303],"replyLocation":"/pub/thread/1#p2","replyPosts":1,"replyMappings":1,"replyCounter":1}]
  ✓  595 [firefox-nojs] › tests/e2e/submission-idempotency.spec.ts:28:5 › public submission tokens stay atomic across concurrent thread and reply requests (13.1s)
  -  596 [firefox-nojs] › tests/e2e/tor-admin-onion-smoke.spec.ts:27:7 › Tor onion admin smoke (local opt-in) › admin login and same-origin checks work over plain onion HTTP
  -  597 [firefox-nojs] › tests/e2e/upload-regressions.spec.ts:95:3 › upload regressions (ignored by default) › posting UI accepts audio/MKV variants and keeps textarea resize disabled
  ✓  582 [firefox-nojs] › tests/e2e/backup-restore.spec.ts:224:7 › live backup and restore coverage › automated full backups write scheduled artifacts with the configured storage mode (1.1m)
(node:45728) Warning: The 'NO_COLOR' env is ignored due to the 'FORCE_COLOR' env being set.
(Use `node --trace-warnings ...` to show where the warning was created)
(node:45728) Warning: The 'NO_COLOR' env is ignored due to the 'FORCE_COLOR' env being set.
(Use `node --trace-warnings ...` to show where the warning was created)
  -  599 [firefox-nojs] › tests/e2e/admin-ban-delete.spec.ts:17:7 › admin ban+delete confirmation flow › styled modal handles cancel, validation, focus, and safe reply submission
  ✓  600 [firefox-nojs] › tests/e2e/admin-ban-delete.spec.ts:90:7 › admin ban+delete confirmation flow › no-JS fallback still submits the original form with default moderation fields (2.6s)
  -  601 [firefox-nojs] › tests/e2e/admin-dashboard.spec.ts:14:7 › admin dashboard control center › desktop dashboard prioritizes current issues and task-oriented workflows
  -  602 [firefox-nojs] › tests/e2e/admin-dashboard.spec.ts:83:7 › admin dashboard control center › mobile dashboard is visible, tappable, and contained at 390px and 320px
  ✓  603 [firefox-nojs] › tests/e2e/admin-dashboard.spec.ts:111:7 › admin dashboard control center › no-JS dashboard opens by default and its links reveal protected destinations (3.9s)
  -  604 [firefox-nojs] › tests/e2e/admin-dashboard.spec.ts:148:7 › admin dashboard control center › state pills retain readable text contrast across built-in themes
  -  605 [firefox-nojs] › tests/e2e/admin-dashboard.spec.ts:165:7 › admin dashboard control center › unauthenticated admin panel requests do not render the dashboard
  ✓  606 [firefox-nojs] › tests/e2e/admin-polish.spec.ts:20:7 › admin panel and moderation UI polish › admin login, panel sections, settings forms, and moderation queues stay usable (14.2s)
  ✓  598 [firefox-nojs] › tests/e2e/upload-validation.spec.ts:222:1 › RustChan media upload validation matrix (31.0s)
(node:46676) Warning: The 'NO_COLOR' env is ignored due to the 'FORCE_COLOR' env being set.
(Use `node --trace-warnings ...` to show where the warning was created)
(node:46676) Warning: The 'NO_COLOR' env is ignored due to the 'FORCE_COLOR' env being set.
(Use `node --trace-warnings ...` to show where the warning was created)
  ✓  607 [firefox-nojs] › tests/e2e/admin-polish.spec.ts:86:7 › admin panel and moderation UI polish › admin controls on public board, catalog, thread, and post surfaces stay grouped and tappable (3.2s)
  -  609 [firefox-nojs] › tests/e2e/admin-settings-phase2.spec.ts:144:7 › phase 2 admin settings save flows › admin settings mutations are admin-only and CSRF-protected
  -  610 [firefox-nojs] › tests/e2e/assets-themes-phase2.spec.ts:19:7 › phase 2 assets, favicons, banners, and themes › global and board favicons upload, replace, cache, protect, and clear without stale files
  -  611 [firefox-nojs] › tests/e2e/assets-themes-phase2.spec.ts:95:7 › phase 2 assets, favicons, banners, and themes › banners upload, reject invalid assets, cache-bust, protect board assets, delete, and restore inherit mode
  -  612 [firefox-nojs] › tests/e2e/assets-themes-phase2.spec.ts:171:7 › phase 2 assets, favicons, banners, and themes › custom themes create, edit, delete, and clear default references safely
  ✓  613 [firefox-nojs] › tests/e2e/audit-surfaces.spec.ts:19:7 › browser-reachable audit surfaces › home, preferences, theme fallback, and narrow layout are reachable (657ms)
  ✓  614 [firefox-nojs] › tests/e2e/audit-surfaces.spec.ts:61:7 › browser-reachable audit surfaces › poll creation, voting, catalog controls, and hidden-thread views work through browser paths (1.0s)
  ✓  615 [firefox-nojs] › tests/e2e/audit-surfaces.spec.ts:121:7 › browser-reachable audit surfaces › public report controls work with JavaScript and expose a no-JS fallback (838ms)
  -  608 [firefox-nojs] › tests/e2e/admin-settings-phase2.spec.ts:14:7 › phase 2 admin settings save flows › site, media, backup, banner toggles, invalid values, and TOML writeback stay deterministic
  ✓  617 [firefox-nojs] › tests/e2e/audit-surfaces.spec.ts:177:7 › browser-reachable audit surfaces › new activity badges are browser-visible and clear after visiting the target thread (2.2s)
  ✓  618 [firefox-nojs] › tests/e2e/auth-admin.spec.ts:22:7 › first run and admin authentication › fresh runtime creates exe-local structure and reports missing admin without leaking secrets (2.6s)
  ✓  619 [firefox-nojs] › tests/e2e/auth-admin.spec.ts:61:7 › first run and admin authentication › invalid settings fail closed without leaking configured secrets (3.4s)
  ✓  616 [firefox-nojs] › tests/e2e/audit-surfaces.spec.ts:153:7 › browser-reachable audit surfaces › admin-authenticated and unauthenticated browser states expose expected security controls (11.0s)
  ✓  620 [firefox-nojs] › tests/e2e/auth-admin.spec.ts:98:7 › first run and admin authentication › admin login, logout, stale back page, cookie attributes, and context isolation (2.9s)
  ✓  622 [firefox-nojs] › tests/e2e/auth-admin.spec.ts:184:7 › admin board management › rejects invalid, traversal-like, and duplicate board short names safely (1.8s)
  -  623 [firefox-nojs] › tests/e2e/auto-compress.spec.ts:27:7 › auto-compress oversized uploads › oversized image is compressed, accepted, served, and previewed
  -  624 [firefox-nojs] › tests/e2e/auto-compress.spec.ts:68:7 › auto-compress oversized uploads › oversized video is compressed, accepted, served, playable, and thumbnailed
  -  625 [firefox-nojs] › tests/e2e/auto-compress.spec.ts:113:7 › auto-compress oversized uploads › direct oversized upload without client compression rejects cleanly
  -  626 [firefox-nojs] › tests/e2e/auto-compress.spec.ts:148:7 › auto-compress oversized uploads › still-too-large browser compression fails without creating posts or staged files
  -  627 [firefox-nojs] › tests/e2e/board-settings-phase2.spec.ts:21:7 › phase 2 board settings depth › browser admin flow creates boards and persists deep settings across access modes
  -  628 [firefox-nojs] › tests/e2e/board-settings-phase2.spec.ts:183:7 › phase 2 board settings depth › invalid board inputs, upload caps, delete cleanup, and safe redirects fail closed
  ✓  621 [firefox-nojs] › tests/e2e/auth-admin.spec.ts:140:7 › admin board management › creates, edits, protects against injection, persists, and deletes boards (3.3s)
  -  630 [firefox-nojs] › tests/e2e/captcha.spec.ts:10:7 › CAPTCHA posting flow › renders image CAPTCHA and rejects bad answers in Chromium and WebKit
  -  631 [firefox-nojs] › tests/e2e/captcha.spec.ts:46:7 › CAPTCHA posting flow › no-JS users can reload for a fresh challenge and see server-rendered errors
  ✓  632 [firefox-nojs] › tests/e2e/csrf-navigation.spec.ts:17:7 › CSRF, Origin, Referer, and browser navigation regressions › forms include CSRF and missing or invalid CSRF is rejected for mutations (1.8s)
  ✓  629 [firefox-nojs] › tests/e2e/button-sizing.spec.ts:34:7 › public button and action-control sizing › public action controls stay consistently sized across scripted and no-JS controls (4.2s)
  ✓  633 [firefox-nojs] › tests/e2e/csrf-navigation.spec.ts:51:7 › CSRF, Origin, Referer, and browser navigation regressions › session-scoped admin CSRF cannot be reused across sessions or after logout (3.0s)
  ✓  634 [firefox-nojs] › tests/e2e/csrf-navigation.spec.ts:90:7 › CSRF, Origin, Referer, and browser navigation regressions › Origin, Referer, null Origin, loopback aliases, and GET mutations follow policy (1.6s)
  ✓  636 [firefox-nojs] › tests/e2e/firefox-nojs-public.spec.ts:22:7 › Firefox no-JS public regression › public browsing, anchors, quotes, posting validation, and readable errors are server-rendered (1.2s)
  ✓  637 [firefox-nojs] › tests/e2e/firefox-nojs-public.spec.ts:75:7 › Firefox no-JS public regression › own-post edit and delete fallbacks use ownership cookies and fail closed (1.3s)
  ✓  635 [firefox-nojs] › tests/e2e/csrf-navigation.spec.ts:137:7 › CSRF, Origin, Referer, and browser navigation regressions › back-forward and refresh around POST redirects do not duplicate mutations (2.9s)
  ✓  638 [firefox-nojs] › tests/e2e/firefox-nojs-public.spec.ts:130:7 › Firefox no-JS public regression › media upload, render, headers, disabled policy, size, and traversal checks work without JavaScript (1.8s)
  ✓  640 [firefox-nojs] › tests/e2e/firefox-nojs-public.spec.ts:283:7 › Firefox no-JS public regression › themes, no-JS preferences, activity read state, and degraded HTTP behavior are safe (2.5s)
  -  641 [firefox-nojs] › tests/e2e/maintenance-backup-phase2.spec.ts:15:7 › phase 2 admin maintenance and backup progress › DB check, repair status, progress polling, stale job protection, and concurrent maintenance blocking work through admin UI routes
  -  642 [firefox-nojs] › tests/e2e/maintenance-backup-phase2.spec.ts:74:7 › phase 2 admin maintenance and backup progress › backup create, progress JSON, saved row, download, corrupt restore failure, cleanup, and delete are safe
  -  643 [firefox-nojs] › tests/e2e/maintenance-backup-phase2.spec.ts:153:7 › phase 2 admin maintenance and backup progress › fault-injected repair failure and pre-repair backup failure remain manual e2e cases
  -  644 [firefox-nojs] › tests/e2e/media-toolchain.spec.ts:14:7 › real media toolchain › uploads use real thumbnails, transcodes, waveform previews, and PDF fallback safely
  ✓  639 [firefox-nojs] › tests/e2e/firefox-nojs-public.spec.ts:197:7 › Firefox no-JS public regression › fixture-driven board/site toggles, password boards, thread states, and defaults stay public-only (5.0s)
  ✓  645 [firefox-nojs] › tests/e2e/media.spec.ts:12:7 › media upload handling › image uploads render previews and disabled boards reject them safely (836ms)
  ✓  646 [firefox-nojs] › tests/e2e/media.spec.ts:51:7 › media upload handling › invalid, spoofed, oversized, and traversal-like media paths are rejected safely (2.8s)
  ✓  647 [firefox-nojs] › tests/e2e/media.spec.ts:84:7 › media upload handling › video, audio, PDF, and unusual filenames follow board media policy (3.3s)
  ✓  648 [firefox-nojs] › tests/e2e/mobile-nojs.spec.ts:14:7 › mobile responsive smoke › home, board, thread composer, media preview, admin login, and board edit are usable on mobile (2.5s)
  -  650 [firefox-nojs] › tests/e2e/moderation-phase2.spec.ts:17:7 › phase 2 moderation, report, and ban lifecycle › JS report modal, duplicate reports, resolution, deletion, bans, appeals, and mod log are coherent
  ✓  649 [firefox-nojs] › tests/e2e/mobile-nojs.spec.ts:43:7 › no-JS fallback › public navigation, thread creation, admin login, settings POST, and CSRF work without JavaScript (2.0s)
  ✓  651 [firefox-nojs] › tests/e2e/moderation-phase2.spec.ts:234:7 › phase 2 moderation, report, and ban lifecycle › no-JS report fallback posts through the plain form when JavaScript is disabled (1.1s)
  ✓  652 [firefox-nojs] › tests/e2e/password-boards.spec.ts:20:7 › password-protected boards › view-password boards require per-context unlock and resist back-forward bypasses (5.8s)
  ✓  653 [firefox-nojs] › tests/e2e/password-boards.spec.ts:70:7 › password-protected boards › post-password boards allow viewing but require password for threads and replies (5.9s)
  ✓  654 [firefox-nojs] › tests/e2e/password-boards.spec.ts:128:7 › password-protected boards › view-password boards do not leak protected content before unlock (3.1s)
  -  656 [firefox-nojs] › tests/e2e/password-boards.spec.ts:223:7 › password-protected boards › mobile WebKit persists board unlock over HTTP localhost when HTTPS cookies are configured
  -  657 [firefox-nojs] › tests/e2e/phase3-activity-cache.spec.ts:30:7 › phase 3 activity cache and browser restore behavior › activity cookies survive restart and BFCache restore does not resurrect cleared badges
  -  658 [firefox-nojs] › tests/e2e/phase3-activity-cache.spec.ts:90:7 › phase 3 activity cache and browser restore behavior › protected board activity cookies do not leak badges after the unlock cookie is removed
  ✓  659 [firefox-nojs] › tests/e2e/phase3-activity-cache.spec.ts:140:7 › phase 3 activity cache and browser restore behavior › Firefox no-JS activity badges clear through plain navigation (2.1s)
  -  660 [firefox-nojs] › tests/e2e/phase3-media-runtime.spec.ts:25:7 › phase 3 media viewer runtime behavior › image viewer expands, collapses, falls back for missing thumbs, and keeps long filename links usable
  -  661 [firefox-nojs] › tests/e2e/phase3-media-runtime.spec.ts:77:7 › phase 3 media viewer runtime behavior › video, audio, PDF, and pending media refresh render controls without pixel assertions
  ✓  662 [firefox-nojs] › tests/e2e/phase3-media-runtime.spec.ts:154:7 › phase 3 media viewer runtime behavior › Firefox no-JS users keep direct media links without the JS viewer (775ms)
  -  663 [firefox-nojs] › tests/e2e/phase3-media-runtime.spec.ts:181:7 › phase 3 downloads, range requests, and media headers › uploaded media headers, browser downloads, stale transcode redirects, and protected denials are safe
  -  664 [firefox-nojs] › tests/e2e/phase3-mobile-webkit-runtime.spec.ts:21:7 › phase 3 mobile WebKit runtime coverage › login, protected unlock, posting, own-post controls, media viewer, admin settings, and long pages stay usable
  -  665 [firefox-nojs] › tests/e2e/phase3-static-proxy-tor.spec.ts:19:7 › phase 3 static and runtime headers › static assets, dynamic pages, media, and missing assets use safe cache and framing headers
  -  666 [firefox-nojs] › tests/e2e/phase3-static-proxy-tor.spec.ts:88:7 › phase 3 proxy, public-host, and secure-cookie checks › trusted forwarded HTTPS sets secure admin cookies and HSTS only for configured public hosts
  -  667 [firefox-nojs] › tests/e2e/phase3-static-proxy-tor.spec.ts:167:7 › phase 3 proxy, public-host, and secure-cookie checks › local TLS listener, self-signed browser trust, and HTTP redirect host rejection remain opt-in
  -  668 [firefox-nojs] › tests/e2e/phase3-static-proxy-tor.spec.ts:177:7 › phase 3 Tor and onion UI checks › Tor-disabled runtime keeps home/admin layouts stable and hides Tor-key backup controls
  -  669 [firefox-nojs] › tests/e2e/phase3-static-proxy-tor.spec.ts:207:7 › phase 3 Tor and onion UI checks › active onion pill, copy behavior, Onion-Location, and already-onion suppression remain opt-in
  ✓  655 [firefox-nojs] › tests/e2e/password-boards.spec.ts:193:7 › password-protected boards › password changes retire the old password and accept the new one (8.2s)
  -  671 [firefox-nojs] › tests/e2e/phase4-accessibility-progressive.spec.ts:105:7 › phase 4 accessibility basics and progressive enhancement › report, edit, delete confirmation, preferences, and media controls close cleanly and restore focus
  -  672 [firefox-nojs] › tests/e2e/phase4-accessibility-progressive.spec.ts:166:7 › phase 4 accessibility basics and progressive enhancement › critical public flows remain usable without optional main JavaScript
  ✓  670 [firefox-nojs] › tests/e2e/phase4-accessibility-progressive.spec.ts:30:7 › phase 4 accessibility basics and progressive enhancement › home, board, catalog, thread, posting, preferences, and admin forms expose keyboardable named controls (3.8s)
  ✓  673 [firefox-nojs] › tests/e2e/phase4-empty-error-permission.spec.ts:34:7 › phase 4 empty, error, and permission states › standalone 404, 400-ish, 403, locked-board, and banned pages stay clear and safe (3.8s)
  ✓  674 [firefox-nojs] › tests/e2e/phase4-empty-error-permission.spec.ts:87:7 › phase 4 empty, error, and permission states › posting, invalid upload, locked or archived thread, deleted post or thread, and active ban errors stay safe (3.4s)
  -  676 [firefox-nojs] › tests/e2e/phase4-responsive-long-content.spec.ts:32:7 › phase 4 responsive and long-content stress › long board metadata, titles, posts, filenames, counters, and admin rows stay usable without overlap
  ✓  675 [firefox-nojs] › tests/e2e/phase4-empty-error-permission.spec.ts:168:7 › phase 4 empty, error, and permission states › invalid admin forms and restore uploads fail closed with useful admin navigation (1.9s)
  -  677 [firefox-nojs] › tests/e2e/phase4-stress-release-smoke.spec.ts:32:7 › phase 4 high-volume and release-smoke journeys › busy public, protected, admin, search, API, update, and pagination surfaces remain usable
  -  678 [firefox-nojs] › tests/e2e/phase4-stress-release-smoke.spec.ts:147:7 › phase 4 high-volume and release-smoke journeys › fresh runtime can become a usable site, moderate content, back up, and restore
  -  680 [firefox-nojs] › tests/e2e/phase4-theme-contrast.spec.ts:24:7 › phase 4 built-in theme and contrast polish › theme picker order, selected state, site default, board override, and inherit behavior stay stable
  -  681 [firefox-nojs] › tests/e2e/phase4-theme-contrast.spec.ts:93:7 › phase 4 built-in theme and contrast polish › built-in themes keep core public and admin states readable without console errors
  ✓  682 [firefox-nojs] › tests/e2e/posting-thread.spec.ts:19:7 › logged-out navigation and posting › home, board, catalog, thread, assets, theme, and back-forward navigation are stable (1.3s)
  ✓  683 [firefox-nojs] › tests/e2e/posting-thread.spec.ts:50:7 › logged-out navigation and posting › thread creation, reply, escaping, quote-ish text, unicode, and refresh do not duplicate posts (1.2s)
  ✓  684 [firefox-nojs] › tests/e2e/posting-thread.spec.ts:68:7 › logged-out navigation and posting › empty, oversized, duplicate, invalid id, and stale-form posting errors stay safe (1.2s)
  -  685 [firefox-nojs] › tests/e2e/posting-thread.spec.ts:124:7 › logged-out navigation and posting › own edit modal and delete confirmation are limited to the posting browser context
  ✓  679 [firefox-nojs] › tests/e2e/phase4-stress-release-smoke.spec.ts:232:7 › phase 4 high-volume and release-smoke journeys › no-JS public posting, upload, own edit or delete, report, unlock, and moderation smoke works (7.5s)
  ✓  686 [firefox-nojs] › tests/e2e/posting-thread.spec.ts:169:7 › logged-out navigation and posting › own-post controls deny expired, replied, locked, archived, and deleted posts safely (4.1s)
  ✓  688 [firefox-nojs] › tests/e2e/settings.spec.ts:43:7 › settings, catalog, archive, search, and maintenance › search and catalog handle unicode, punctuation, empty, long, and SQL-ish queries safely (1.2s)
  ✓  687 [firefox-nojs] › tests/e2e/settings.spec.ts:19:7 › settings, catalog, archive, search, and maintenance › site settings persist to settings.toml and survive restart (2.4s)
  ✓  689 [firefox-nojs] › tests/e2e/settings.spec.ts:59:7 › settings, catalog, archive, search, and maintenance › bump/archive behavior and maintenance controls are admin-only and CSRF protected (5.0s)
  ✓  690 [firefox-nojs] › tests/e2e/settings.spec.ts:116:7 › settings, catalog, archive, search, and maintenance › thread sage, bump limits, sticky, lock, archive, and ban denials stay deterministic (6.7s)

  342 skipped
  348 passed (18.1m)
